代號,名稱,類型,籌碼類型,收盤價,漲跌%,外資今日(張),投信今日(張),自營今日(張),三大法人合計(張),外資連買天數,投信連買天數,外資5日累計(張),投信5日累計(張),自營5日累計(張),MA5,MA20,MA60,均線多頭,MA20翻揚,KD黃金交叉,MACD翻多,布林突破,爆量長紅,技術面標籤,大戶400張以上%,中實戶50~400張%,散戶50張以下%
3189,景碩,趨勢持續,雙主力連買,845.0,4.97,198,34,198,430,5,5,3143,486,3143,803.8,783.2,648.33,是,是,否,否,否,否,均線多頭,,,
2006,東和鋼鐵,強勢噴出,雙主力連買,71.8,2.28,1186,367,1186,2739,4,5,3584,1261,3584,,,,,,,,,,—,,,
9914,美利達,強勢噴出,雙主力連買,76.6,0.66,730,2,730,1462,4,5,721,40,721,75.02,74.7,67.83,是,是,否,否,否,否,均線多頭,,,
2347,聯強,強勢噴出,雙主力連買,87.2,4.93,4070,89,4070,8229,3,5,9951,1016,9951,86.08,91.1,87.2,否,否,否,否,否,否,—,,,
5871,中租-KY,強勢噴出,雙主力連買,119.0,0.85,1497,767,1497,3761,3,5,1553,1388,1553,116.7,115.65,114.74,是,否,否,否,是,否,均線多頭、布林突破,,,
2646,星宇航空,強勢噴出,雙主力連買,21.3,0.71,1816,8,1816,3640,3,5,2834,217,2834,,,,,,,,,,—,,,
9939,宏全,低位啟動,雙主力連買,125.0,0.0,84,1,84,169,3,5,1560,23,1560,124.1,127.1,123.17,否,否,否,否,否,否,—,,,
6669,緯穎,趨勢持續,雙主力連買,5095.0,3.87,46,64,46,156,3,5,-593,909,-593,5010.0,4893.25,5011.08,否,是,否,否,否,否,—,,,
6890,來億-KY,趨勢持續,雙主力連買,176.0,1.15,15,21,15,51,3,5,287,132,287,,,,,,,,,,—,,,
1402,遠東新,強勢噴出,雙主力連買,27.55,4.55,17116,1974,17116,36206,2,5,-680,16265,-680,27.21,28.3,27.01,否,否,是,否,否,否,KD黃金交叉,,,
2105,正新,強勢噴出,雙主力連買,32.85,0.61,3534,11,3534,7079,5,2,13404,301,13404,32.59,31.15,32.08,否,否,否,否,否,否,—,,,
2633,台灣高鐵,強勢噴出,雙主力連買,25.95,1.76,2695,404,2695,5794,2,5,3835,3867,3835,26.24,26.26,26.03,否,是,否,否,否,否,—,,,
1907,永豐餘,強勢噴出,雙主力連買,29.2,5.61,2470,7,2470,4947,2,5,2329,133,2329,27.9,27.62,25.63,是,是,是,否,是,是,均線多頭、KD黃金交叉、布林突破、爆量長紅,,,
6285,啟碁,強勢噴出,雙主力連買,267.0,7.88,372,188,372,932,5,2,3999,-2291,3999,257.1,256.38,263.58,否,否,是,否,否,否,KD黃金交叉,,,
6239,力成,強勢噴出,雙主力連買,314.0,3.29,856,92,856,1804,2,5,67,672,67,313.7,331.75,291.73,否,否,否,否,否,否,—,,,
8021,尖點,趨勢持續,雙主力連買,532.0,0.0,206,13,206,425,5,2,1072,23,1072,,,,,,,,,,—,,,
0050,元大台灣50,強勢噴出,雙主力連買,106.3,1.82,34254,4925,34254,73433,1,5,-114773,21862,-114773,105.71,106.98,100.39,否,是,否,否,否,否,—,,,
2337,旺宏,強勢噴出,雙主力連買,148.5,6.45,11787,2675,11787,26249,1,5,-1490,2754,-1490,141.6,154.38,153.11,否,否,否,否,否,是,爆量長紅,,,
6505,台塑化,強勢噴出,雙主力連買,72.8,9.97,12342,1926,12342,26610,5,1,36318,2805,36318,64.06,57.39,54.25,是,是,否,否,是,是,均線多頭、布林突破、爆量長紅,,,
2408,南亞科,強勢噴出,雙主力連買,481.0,7.37,4850,5422,4850,15122,1,5,-11512,12276,-11512,436.7,440.02,347.5,否,是,否,否,否,是,爆量長紅,,,
3711,日月光投控,強勢噴出,雙主力連買,683.0,6.55,4272,1065,4272,9609,1,5,-7342,6919,-7342,659.2,655.35,579.52,是,是,否,否,否,否,均線多頭,,,
1326,台化,強勢噴出,雙主力連買,70.8,5.67,3878,3,3878,7759,3,3,-16489,20,-16489,65.5,59.74,52.51,是,是,是,否,否,是,均線多頭、KD黃金交叉、爆量長紅,,,
2449,京元電子,強勢噴出,雙主力連買,307.0,5.32,540,2629,540,3709,1,5,-24922,3125,-24922,303.9,317.93,306.81,否,是,否,否,否,否,—,,,
2324,仁寶,強勢噴出,雙主力連買,36.15,1.69,2429,31,2429,4889,1,5,14160,364,14160,36.09,36.07,34.18,是,否,否,否,否,否,均線多頭,,,
1216,統一,強勢噴出,雙主力連買,78.6,0.13,1110,168,1110,2388,1,5,7922,1280,7922,,,,,,,,,,—,,,
6257,矽格,強勢噴出,雙主力連買,237.5,5.56,1545,17,1545,3107,1,5,-4151,706,-4151,,,,,,,,,,—,,,
1229,聯華,強勢噴出,雙主力連買,40.5,1.25,725,3,725,1453,1,5,-1275,92,-1275,40.2,41.98,41.4,否,否,否,否,否,否,—,,,
6531,愛普*,強勢噴出,雙主力連買,943.0,9.91,475,113,475,1063,5,1,1744,-260,1744,908.4,974.25,960.53,否,否,是,否,否,否,KD黃金交叉,,,
6414,樺漢,強勢噴出,雙主力連買,394.5,4.5,646,107,646,1399,5,1,2100,104,2100,391.7,378.82,359.85,是,是,否,否,否,否,均線多頭,,,
2637,慧洋-KY,低位啟動,雙主力連買,83.9,0.12,278,61,278,617,1,5,7256,1783,7256,,,,,,,,,,—,,,
9917,中保科,低位啟動,雙主力連買,107.0,0.47,123,122,123,368,1,5,252,353,252,106.8,108.9,112.62,否,否,否,是,否,否,MACD翻多,,,
1795,美時,趨勢持續,雙主力連買,202.5,1.5,164,1,164,329,1,5,-1883,24,-1883,202.4,195.55,203.67,否,是,否,否,否,否,—,,,
8210,勤誠,趨勢持續,雙主力連買,1145.0,3.15,132,14,132,278,4,2,766,-347,766,1152.0,1260.75,1307.67,否,否,否,否,否,否,—,,,
1590,亞德客-KY,強勢噴出,雙主力連買,1365.0,5.81,133,4,133,270,4,2,354,55,354,,,,,,,,,,—,,,
2897,王道銀行,低位啟動,雙主力連買,10.5,0.96,137,13,137,287,1,5,-3713,320,-3713,,,,,,,,,,—,,,
3596,智易,趨勢持續,雙主力連買,191.0,0.79,90,1,90,181,1,5,238,25,238,193.4,191.38,183.3,是,是,否,否,否,否,均線多頭,,,
2313,華通,強勢噴出,雙主力連買,248.0,9.98,18822,2390,18822,40034,1,4,13517,12831,13517,231.1,235.53,250.09,否,否,否,否,否,是,爆量長紅,,,
2344,華邦電,強勢噴出,雙主力連買,180.5,9.73,14945,1441,14945,31331,1,4,-1102,-13191,-1102,171.4,193.07,150.04,否,是,是,否,否,否,KD黃金交叉,,,
4938,和碩,強勢噴出,雙主力連買,82.7,0.73,994,25,994,2013,3,2,3863,-566,3863,,,,,,,,,,—,,,
3029,零壹,強勢噴出,雙主力連買,103.0,1.48,332,1,332,665,4,1,1105,-1,1105,,,,,,,,,,—,,,
2880,華南金,強勢噴出,雙主力連買,38.85,1.04,835,1849,835,3519,1,3,5311,5305,5311,39.13,38.0,34.95,是,是,否,否,否,否,均線多頭,,,
3532,台勝科,強勢噴出,雙主力連買,523.0,2.55,475,478,475,1428,2,2,-567,6177,-567,466.3,403.35,301.43,是,是,否,否,是,否,均線多頭、布林突破,,,
3090,日電貿,強勢噴出,雙主力連買,225.0,3.45,388,265,388,1041,3,1,5342,-6394,5342,261.1,300.27,211.05,否,是,否,否,否,否,—,,,
2492,華新科,強勢噴出,雙主力連買,379.0,2.99,538,44,538,1120,3,1,739,1181,739,,,,,,,,,,—,,,
2027,大成鋼,強勢噴出,雙主力連買,41.3,5.63,10485,1268,10485,22238,2,1,7412,2750,7412,40.09,40.64,40.47,否,否,是,否,否,是,KD黃金交叉、爆量長紅,,,
2634,漢翔,強勢噴出,雙主力連買,68.3,1.79,8374,3,8374,16751,1,2,5147,82,5147,63.36,55.14,49.94,是,是,否,否,是,否,均線多頭、布林突破,,,
8039,台虹,強勢噴出,雙主力連買,181.5,2.25,643,1053,643,2339,2,1,14511,1053,14511,,,,,,,,,,—,,,
2474,可成,強勢噴出,雙主力連買,191.0,0.79,527,28,527,1082,1,2,-858,325,-858,192.7,201.25,206.53,否,否,是,否,否,否,KD黃金交叉,,,
2645,長榮航太,強勢噴出,雙主力連買,242.0,0.41,329,1,329,659,2,1,-1558,-113,-1558,,,,,,,,,,—,,,
2850,新產,強勢噴出,雙主力連買,148.5,2.06,218,1,218,437,2,1,230,0,230,145.7,143.15,138.47,是,否,否,是,是,否,均線多頭、MACD翻多、布林突破,,,
1504,東元,強勢噴出,雙主力連買,69.0,8.49,6738,94,6738,13570,1,1,-14300,68,-14300,67.04,69.6,70.0,否,否,是,否,否,否,KD黃金交叉,,,
8028,昇陽半導體,強勢噴出,雙主力連買,318.5,9.26,1133,30,1133,2296,1,1,-133,-141,-133,,,,,,,,,,—,,,
2354,鴻準,強勢噴出,雙主力連買,56.4,1.26,720,1,720,1441,1,1,772,-3,772,56.72,56.59,57.56,否,否,否,否,否,否,—,,,
1210,大成,強勢噴出,雙主力連買,58.0,1.58,77,227,77,381,1,1,-2703,861,-2703,57.38,56.32,54.31,是,是,否,否,否,否,均線多頭,,,
4770,上品,強勢噴出,雙主力連買,221.0,4.0,107,120,107,334,1,1,15,120,15,216.4,215.07,227.4,否,是,是,否,是,是,KD黃金交叉、布林突破、爆量長紅,,,
2618,長榮航,強勢噴出,外資連買,42.15,3.31,24136,-2956,24136,45316,5,0,223293,-22213,223293,40.63,42.56,37.87,否,是,是,否,否,否,KD黃金交叉,,,
2603,長榮,強勢噴出,外資連買,199.5,2.57,11430,-645,11430,22215,5,0,27157,-1955,27157,195.9,191.97,205.88,否,否,否,否,否,否,—,,,
5880,合庫金,強勢噴出,外資連買,25.35,0.6,9992,-711,9992,19273,5,0,44462,-5,44462,25.2,24.84,23.68,是,是,否,是,否,否,均線多頭、MACD翻多,,,
2867,三商壽,強勢噴出,外資連買,8.85,0.23,4777,0,4777,9554,5,0,28261,0,28261,8.85,8.63,8.08,是,是,否,否,否,否,均線多頭,,,
2884,玉山金,強勢噴出,外資連買,34.45,0.15,5675,-636,5675,10714,5,0,34770,2784,34770,34.61,34.7,33.11,否,是,否,否,否,否,—,,,
1718,中纖,強勢噴出,外資連買,14.9,7.19,2713,0,2713,5426,5,0,15847,0,15847,14.32,12.34,8.93,是,是,否,否,否,否,均線多頭,,,
2357,華碩,強勢噴出,外資連買,712.0,1.28,1300,-240,1300,2360,5,0,10685,-106,10685,,,,,,,,,,—,,,
2912,統一超,強勢噴出,外資連買,244.5,1.03,825,-12,825,1638,5,0,3550,215,3550,,,,,,,,,,—,,,
3052,夆典,強勢噴出,外資連買,10.85,0.0,428,0,428,856,5,0,613,0,613,10.86,10.8,10.73,是,是,否,否,否,否,均線多頭,,,
3059,華晶科,強勢噴出,外資連買,45.5,1.9,364,0,364,728,5,0,2049,0,2049,,,,,,,,,,—,,,
2385,群光,低位啟動,外資連買,105.5,0.96,287,-7,287,567,5,0,5047,13,5047,,,,,,,,,,—,,,
6226,光鼎,強勢噴出,外資連買,27.8,7.54,154,0,154,308,5,0,1326,0,1326,26.23,20.4,15.38,是,是,否,否,否,否,均線多頭,,,
4927,泰鼎-KY,低位啟動,外資連買,40.25,0.37,153,0,153,306,5,0,2247,0,2247,,,,,,,,,,—,,,
1460,宏遠,趨勢持續,外資連買,7.26,3.71,142,0,142,284,5,0,734,0,734,,,,,,,,,,—,,,
4104,佳醫,低位啟動,外資連買,72.3,1.4,131,0,131,262,5,0,594,0,594,,,,,,,,,,—,,,
2106,建大,低位啟動,外資連買,17.7,1.14,119,-1,119,237,5,0,534,-7,534,,,,,,,,,,—,,,
9930,中聯資源,低位啟動,外資連買,63.7,0.79,101,-2,101,200,5,0,217,-2,217,63.48,66.16,68.22,否,否,否,否,否,否,—,,,
6768,志強-KY,低位啟動,外資連買,71.0,1.14,91,0,91,182,5,0,333,-2,333,70.88,77.68,83.15,否,否,否,否,否,否,—,,,
6957,裕慶-KY,趨勢持續,外資連買,238.0,3.48,88,0,88,176,5,0,133,0,133,219.6,199.38,178.63,是,是,否,否,是,否,均線多頭、布林突破,,,
2207,和泰車,趨勢持續,外資連買,480.0,0.0,93,-4,93,182,5,0,240,94,240,478.4,475.12,477.42,否,是,否,否,否,否,—,,,
1234,黑松,低位啟動,外資連買,33.8,1.05,84,0,84,168,5,0,326,0,326,33.37,33.99,34.53,否,否,否,否,否,否,—,,,
2528,皇普,低位啟動,外資連買,22.15,1.84,94,0,94,188,5,0,583,-9,583,21.98,21.95,22.06,否,否,否,否,否,否,—,,,
9942,茂順,低位啟動,外資連買,122.5,1.24,74,0,74,148,5,0,181,0,181,120.8,118.75,118.47,是,是,否,否,是,否,均線多頭、布林突破,,,
9925,新保,低位啟動,外資連買,41.4,0.85,72,0,72,144,5,0,819,0,819,,,,,,,,,,—,,,
6464,台數科,低位啟動,外資連買,78.7,0.9,59,0,59,118,5,0,165,0,165,,,,,,,,,,—,,,
2908,特力,低位啟動,外資連買,21.85,0.23,55,0,55,110,5,0,547,0,547,,,,,,,,,,—,,,
1459,聯發,低位啟動,外資連買,11.8,1.72,58,0,58,116,5,0,215,0,215,,,,,,,,,,—,,,
1903,士紙,低位啟動,外資連買,48.55,1.25,50,0,50,100,5,0,101,0,101,48.7,48.02,48.59,否,是,否,否,否,否,—,,,
4119,旭富,趨勢持續,外資連買,46.0,3.14,51,0,51,102,5,0,127,0,127,45.27,44.44,44.01,是,是,是,否,否,否,均線多頭、KD黃金交叉,,,
1220,台榮,低位啟動,外資連買,11.4,0.44,37,0,37,74,5,0,93,0,93,,,,,,,,,,—,,,
1783,和康生,低位啟動,外資連買,40.4,1.64,31,0,31,62,5,0,74,0,74,,,,,,,,,,—,,,
8462,柏文,趨勢持續,外資連買,161.0,3.87,29,-1,29,57,5,0,703,-1,703,160.6,147.05,144.3,是,是,否,否,否,否,均線多頭,,,
7786,東方風能,低位啟動,外資連買,131.0,0.0,23,0,23,46,5,0,374,0,374,131.4,126.88,126.97,否,是,否,否,否,否,—,,,
2704,國賓,低位啟動,外資連買,45.7,0.33,18,0,18,36,5,0,102,0,102,45.41,45.04,43.28,是,是,否,否,否,否,均線多頭,,,
2707,晶華,趨勢持續,外資連買,180.0,0.0,23,-2,23,44,5,0,163,-1,163,180.0,179.57,176.05,是,是,否,否,否,否,均線多頭,,,
1468,昶和,趨勢持續,外資連買,12.8,4.49,14,0,14,28,5,0,30,0,30,,,,,,,,,,—,,,
8467,波力-KY,趨勢持續,外資連買,110.0,3.77,18,0,18,36,5,0,29,0,29,,,,,,,,,,—,,,
1730,花仙子,低位啟動,外資連買,51.1,0.0,10,0,10,20,5,0,73,0,73,,,,,,,,,,—,,,
9926,新海,低位啟動,外資連買,50.0,0.0,14,0,14,28,5,0,41,0,41,,,,,,,,,,—,,,
1454,台富,趨勢持續,外資連買,13.0,2.36,10,0,10,20,5,0,32,0,32,12.78,12.84,13.08,否,否,否,是,否,否,MACD翻多,,,
6965,中傑-KY,低位啟動,外資連買,79.7,1.53,14,0,14,28,5,0,95,0,95,79.5,79.2,81.01,否,否,否,否,否,否,—,,,
2102,泰豐,低位啟動,外資連買,18.95,1.34,13,0,13,26,5,0,209,0,209,18.98,18.46,18.45,是,是,否,否,否,否,均線多頭,,,
8482,商億-KY,低位啟動,外資連買,48.8,0.0,6,0,6,12,5,0,11,0,11,48.35,48.73,48.94,否,是,否,否,否,否,—,,,
2368,金像電,強勢噴出,外資連買,1025.0,0.99,709,-1171,709,247,5,0,5538,-4439,5538,1062.0,1210.0,1304.5,否,否,否,否,否,否,—,,,
3576,聯合再生,強勢噴出,外資連買,17.7,1.14,8149,0,8149,16298,4,0,24123,0,24123,16.87,17.28,17.34,否,否,否,是,否,否,MACD翻多,,,
2845,遠東銀,強勢噴出,外資連買,13.45,1.13,7887,-51,7887,15723,4,0,14863,2034,14863,13.31,13.13,12.56,是,是,否,是,是,否,均線多頭、MACD翻多、布林突破,,,
5388,中磊,強勢噴出,外資連買,89.4,4.32,5043,0,5043,10086,4,0,8649,372,8649,85.64,82.37,82.93,否,是,否,否,是,是,布林突破、爆量長紅,,,
1434,福懋,強勢噴出,外資連買,19.55,6.83,4999,-1,4999,9997,4,0,8022,-7,8022,18.42,17.58,16.43,是,是,是,否,是,是,均線多頭、KD黃金交叉、布林突破、爆量長紅,,,
2520,冠德,強勢噴出,外資連買,36.35,3.86,1053,-1,1053,2105,4,0,1886,-5,1886,,,,,,,,,,—,,,
3045,台灣大,強勢噴出,外資連買,109.0,0.0,2585,-815,2585,4355,4,0,36044,1487,36044,,,,,,,,,,—,,,
3515,華擎,強勢噴出,外資連買,203.5,0.25,588,0,588,1176,4,0,896,0,896,208.0,226.12,234.12,否,否,否,否,否,否,—,,,
9941,裕融,強勢噴出,外資連買,82.7,2.1,453,-6,453,900,4,0,835,-37,835,81.46,81.17,78.62,是,否,是,否,否,否,均線多頭、KD黃金交叉,,,
6196,帆宣,強勢噴出,外資連買,585.0,8.53,347,-7,347,687,4,0,1434,-977,1434,554.0,555.85,481.78,否,是,是,否,否,否,KD黃金交叉,,,
2482,連宇,強勢噴出,外資連買,20.0,9.89,444,0,444,888,4,0,557,0,557,18.3,17.4,17.0,是,是,否,否,是,是,均線多頭、布林突破、爆量長紅,,,
2511,太子,強勢噴出,外資連買,8.54,1.43,410,0,410,820,4,0,915,0,915,8.49,8.29,8.01,是,是,否,否,否,否,均線多頭,,,
2101,南港,強勢噴出,外資連買,34.1,0.29,403,0,403,806,4,0,1415,0,1415,34.11,32.79,32.61,是,是,否,否,否,否,均線多頭,,,
1808,潤隆,強勢噴出,外資連買,31.2,1.63,402,0,402,804,4,0,1076,0,1076,30.57,30.73,30.01,否,否,否,是,否,否,MACD翻多,,,
2537,聯上發,強勢噴出,外資連買,11.2,2.75,389,0,389,778,4,0,827,0,827,,,,,,,,,,—,,,
2607,榮運,強勢噴出,外資連買,47.0,1.95,352,0,352,704,4,0,484,0,484,,,,,,,,,,—,,,
3056,富華新,強勢噴出,外資連買,14.7,1.38,322,0,322,644,4,0,847,0,847,,,,,,,,,,—,,,
5522,遠雄,強勢噴出,外資連買,68.3,1.19,333,-15,333,651,4,0,992,638,992,,,,,,,,,,—,,,
2836,高雄銀,低位啟動,外資連買,12.55,0.0,272,-1,272,543,4,0,3112,-8,3112,,,,,,,,,,—,,,
1723,中碳,低位啟動,外資連買,85.6,0.23,281,0,281,562,4,0,1139,0,1139,,,,,,,,,,—,,,
2231,為升,強勢噴出,外資連買,126.5,8.58,35,0,35,70,4,0,80,-94,80,,,,,,,,,,—,,,
2539,櫻花建,低位啟動,外資連買,40.1,1.13,229,0,229,458,4,0,653,0,653,40.01,39.36,39.16,是,是,否,否,否,否,均線多頭,,,
2534,宏盛,低位啟動,外資連買,16.85,1.51,211,0,211,422,4,0,340,0,340,16.61,17.01,17.93,否,否,是,是,否,否,KD黃金交叉、MACD翻多,,,
2020,美亞,低位啟動,外資連買,21.45,0.94,206,0,206,412,4,0,336,0,336,21.39,21.56,21.7,否,是,否,否,否,否,—,,,
6472,保瑞,趨勢持續,外資連買,428.5,3.75,170,-2,170,338,4,0,137,-2,137,422.3,424.98,400.04,否,是,否,否,否,否,—,,,
6670,復盛應用,趨勢持續,外資連買,262.5,0.96,260,-65,260,455,4,0,292,-276,292,260.4,264.2,264.36,否,否,否,是,否,否,MACD翻多,,,
9940,信義,低位啟動,外資連買,19.75,1.28,194,0,194,388,4,0,400,0,400,19.67,19.51,19.36,是,是,否,否,否,否,均線多頭,,,
1733,五鼎,強勢噴出,外資連買,31.5,2.94,179,0,179,358,4,0,338,0,338,30.59,29.76,29.41,是,是,是,否,是,否,均線多頭、KD黃金交叉、布林突破,,,
1604,聲寶,低位啟動,外資連買,23.55,0.21,144,0,144,288,4,0,429,0,429,23.45,23.34,23.22,是,是,否,否,否,否,均線多頭,,,
1702,南僑,趨勢持續,外資連買,33.75,2.74,161,0,161,322,4,0,427,0,427,33.01,32.15,32.92,否,是,是,否,否,否,KD黃金交叉,,,
3705,永信,低位啟動,外資連買,55.1,0.73,155,0,155,310,4,0,353,0,353,54.72,54.98,55.57,否,否,否,否,否,否,—,,,
1217,愛之味,低位啟動,外資連買,10.0,1.01,133,0,133,266,4,0,379,0,379,,,,,,,,,,—,,,
1325,恆大,趨勢持續,外資連買,25.45,4.52,115,0,115,230,4,0,152,0,152,,,,,,,,,,—,,,
1528,恩德,趨勢持續,外資連買,22.25,2.3,110,0,110,220,4,0,318,-2,318,22.38,23.79,25.75,否,否,是,否,否,否,KD黃金交叉,,,
9802,鈺齊-KY,低位啟動,外資連買,74.6,0.81,100,0,100,200,4,0,739,-1,739,74.12,74.48,76.59,否,否,否,否,否,否,—,,,
2540,愛山林,低位啟動,外資連買,53.5,0.38,94,0,94,188,4,0,688,0,688,53.24,53.6,54.19,否,否,否,否,否,否,—,,,
4736,泰博,低位啟動,外資連買,128.0,0.79,70,0,70,140,4,0,195,0,195,,,,,,,,,,—,,,
4942,嘉彰,低位啟動,外資連買,37.75,1.21,71,0,71,142,4,0,129,0,129,,,,,,,,,,—,,,
6958,日盛台駿,強勢噴出,外資連買,18.5,7.87,60,0,60,120,4,0,107,0,107,,,,,,,,,,—,,,
2723,美食-KY,低位啟動,外資連買,65.4,0.62,62,-3,62,121,4,0,53,-2,53,,,,,,,,,,—,,,
1720,生達,低位啟動,外資連買,64.3,0.78,51,-2,51,100,4,0,71,-2,71,63.96,63.35,62.28,是,是,否,否,否,否,均線多頭,,,
9937,全國,低位啟動,外資連買,56.9,0.53,38,0,38,76,4,0,184,0,184,55.92,55.46,55.93,否,是,否,否,是,否,布林突破,,,
4572,駐龍,趨勢持續,外資連買,153.0,1.32,33,0,33,66,4,0,76,0,76,,,,,,,,,,—,,,
2227,裕日車,低位啟動,外資連買,50.4,1.1,34,0,34,68,4,0,69,0,69,,,,,,,,,,—,,,
6558,興能高,低位啟動,外資連買,29.15,0.34,31,0,31,62,4,0,-129,0,-129,,,,,,,,,,—,,,
1626,艾美特-KY,趨勢持續,外資連買,10.4,2.46,27,0,27,54,4,0,36,0,36,10.52,10.53,10.49,否,是,否,否,否,否,—,,,
6885,全福生技,趨勢持續,外資連買,21.6,3.1,40,0,40,80,4,0,118,0,118,21.54,21.59,22.5,否,否,否,否,否,否,—,,,
1906,寶隆,趨勢持續,外資連買,11.2,2.28,29,0,29,58,4,0,77,0,77,11.16,11.25,11.08,否,否,否,否,否,否,—,,,
2008,高興昌,趨勢持續,外資連買,30.5,2.35,23,0,23,46,4,0,33,0,33,29.8,30.45,29.0,否,否,是,否,否,否,KD黃金交叉,,,
8411,福貞-KY,低位啟動,外資連買,12.65,0.0,14,0,14,28,4,0,52,0,52,12.51,12.23,12.18,是,是,否,否,否,否,均線多頭,,,
6582,申豐,趨勢持續,外資連買,32.75,2.02,22,0,22,44,4,0,33,0,33,32.59,32.63,31.63,否,是,是,否,否,否,KD黃金交叉,,,
1215,卜蜂,低位啟動,外資連買,112.0,0.9,30,-3,30,57,4,0,1240,-4,1240,112.4,113.72,126.29,否,否,否,否,否,否,—,,,
1473,台南,低位啟動,外資連買,20.4,0.99,20,0,20,40,4,0,46,0,46,20.25,20.2,20.79,否,否,否,否,否,否,—,,,
5538,東明-KY,強勢噴出,外資連買,35.1,4.93,20,0,20,40,4,0,33,0,33,33.49,32.91,33.06,否,是,是,否,是,是,KD黃金交叉、布林突破、爆量長紅,,,
2642,宅配通,趨勢持續,外資連買,20.85,2.21,21,0,21,42,4,0,56,0,56,,,,,,,,,,—,,,
1203,味王,低位啟動,外資連買,44.85,1.47,16,0,16,32,4,0,71,0,71,,,,,,,,,,—,,,
1583,程泰,強勢噴出,外資連買,51.2,5.13,14,0,14,28,4,0,19,0,19,,,,,,,,,,—,,,
4583,台灣精銳,趨勢持續,外資連買,603.0,1.01,15,0,15,30,4,0,70,0,70,,,,,,,,,,—,,,
7791,皇家可口,低位啟動,外資連買,63.4,0.96,11,0,11,22,4,0,62,0,62,,,,,,,,,,—,,,
1445,大宇,低位啟動,外資連買,11.65,1.75,16,0,16,32,4,0,27,0,27,11.48,11.37,11.82,否,是,否,否,否,否,—,,,
4148,全宇生技-KY,低位啟動,外資連買,30.15,0.67,4,0,4,8,4,0,9,0,9,,,,,,,,,,—,,,
4438,廣越,低位啟動,外資連買,61.8,1.48,4,0,4,8,4,0,39,0,39,,,,,,,,,,—,,,
1617,榮星,趨勢持續,外資連買,23.9,2.14,10,0,10,20,4,0,97,0,97,,,,,,,,,,—,,,
1517,利奇,趨勢持續,外資連買,11.0,2.33,4,0,4,8,4,0,119,0,119,10.76,10.64,10.41,是,是,否,否,否,否,均線多頭,,,
1307,三芳,低位啟動,外資連買,32.4,0.31,134,0,134,268,4,0,208,-5,208,32.28,34.42,33.07,否,否,否,否,否,否,—,,,
4904,遠傳,強勢噴出,外資連買,96.3,1.26,1013,-1322,1013,704,4,0,6679,5151,6679,95.14,103.61,99.84,否,否,否,否,否,否,—,,,
2892,第一金,強勢噴出,外資連買,33.1,1.38,18332,-228,18332,36436,3,0,43884,589,43884,33.6,32.85,30.17,是,是,否,否,否,否,均線多頭,,,
2883,凱基金,強勢噴出,外資連買,30.15,2.2,23355,-8706,23355,38004,3,0,37616,-6178,37616,30.04,29.68,25.25,是,是,否,否,否,否,均線多頭,,,
1301,台塑,強勢噴出,外資連買,65.7,3.3,7161,-2,7161,14320,3,0,27402,-17,27402,60.46,55.84,50.75,是,是,否,否,否,是,均線多頭、爆量長紅,,,
2610,華航,強勢噴出,外資連買,21.2,3.92,21951,-14863,21951,29039,3,0,39056,-28818,39056,21.22,22.25,19.94,否,是,是,否,否,否,KD黃金交叉,,,
9105,泰金寶-DR,強勢噴出,外資連買,8.96,2.17,4913,0,4913,9826,3,0,7374,0,7374,8.79,9.26,8.0,否,否,是,否,否,否,KD黃金交叉,,,
2605,新興,強勢噴出,外資連買,31.65,4.98,3959,-1,3959,7917,3,0,5542,-5,5542,30.77,30.67,31.78,否,否,否,否,否,是,爆量長紅,,,
9907,統一實,強勢噴出,外資連買,15.3,0.66,2846,-19,2846,5673,3,0,4793,-900,4793,15.22,15.47,16.35,否,否,否,否,否,否,—,,,
2031,新光鋼,強勢噴出,外資連買,40.25,2.16,791,0,791,1582,3,0,1801,176,1801,39.16,38.78,39.5,否,否,否,否,是,否,布林突破,,,
1440,南紡,強勢噴出,外資連買,13.45,1.51,946,-1,946,1891,3,0,178,-11,178,13.46,13.55,12.95,否,是,否,否,否,否,—,,,
2476,鉅祥,強勢噴出,外資連買,129.5,6.15,598,0,598,1196,3,0,-989,0,-989,127.8,128.15,122.57,否,是,否,否,否,否,—,,,
3034,聯詠,強勢噴出,外資連買,472.0,0.85,833,-147,833,1519,3,0,9056,1981,9056,498.7,524.62,484.66,否,否,否,否,否,否,—,,,
3413,京鼎,強勢噴出,外資連買,348.0,3.11,409,0,409,818,3,0,77,0,77,338.6,325.9,320.24,是,是,是,否,否,否,均線多頭、KD黃金交叉,,,
2488,漢平,強勢噴出,外資連買,48.35,0.94,527,0,527,1054,3,0,287,0,287,49.68,53.13,52.61,否,否,否,否,否,否,—,,,
6177,達麗,強勢噴出,外資連買,46.9,1.96,466,0,466,932,3,0,1330,172,1330,45.9,46.18,45.45,否,否,否,是,否,否,MACD翻多,,,
1597,直得,趨勢持續,外資連買,138.0,3.37,234,0,234,468,3,0,549,-1,549,138.1,146.3,156.86,否,否,否,否,否,否,—,,,
5285,界霖,強勢噴出,外資連買,93.8,5.51,348,0,348,696,3,0,129,0,129,95.24,97.77,81.97,否,是,否,否,否,否,—,,,
2015,豐興,強勢噴出,外資連買,64.0,1.43,383,0,383,766,3,0,950,-29,950,,,,,,,,,,—,,,
6235,華孚,強勢噴出,外資連買,44.2,5.62,373,0,373,746,3,0,-220,0,-220,,,,,,,,,,—,,,
6443,元晶,強勢噴出,外資連買,30.4,1.67,343,0,343,686,3,0,3449,0,3449,,,,,,,,,,—,,,
1519,華城,趨勢持續,外資連買,709.0,2.46,272,-9,272,535,3,0,-184,-17,-184,,,,,,,,,,—,,,
3022,威強電,低位啟動,外資連買,87.3,1.16,200,0,200,400,3,0,1759,0,1759,89.04,85.26,77.53,是,是,否,否,否,否,均線多頭,,,
6592,和潤企業,低位啟動,外資連買,60.4,1.51,194,-7,194,381,3,0,-290,-7,-290,59.86,62.33,62.24,否,否,是,否,否,否,KD黃金交叉,,,
6598,ABC-KY,強勢噴出,外資連買,26.15,9.87,166,0,166,332,3,0,277,0,277,24.08,23.48,23.58,否,否,否,否,是,是,布林突破、爆量長紅,,,
6579,研揚,趨勢持續,外資連買,161.5,1.89,168,0,168,336,3,0,162,-1,162,164.3,162.4,151.73,是,否,否,否,否,否,均線多頭,,,
2108,南帝,低位啟動,外資連買,28.75,1.95,168,0,168,336,3,0,381,0,381,28.67,28.56,28.06,是,否,否,否,否,否,均線多頭,,,
2348,海悅,低位啟動,外資連買,76.2,0.26,173,0,173,346,3,0,328,0,328,76.22,73.97,72.35,是,是,否,否,否,否,均線多頭,,,
3135,凌航,趨勢持續,外資連買,161.0,3.87,153,0,153,306,3,0,545,0,545,164.9,181.5,188.63,否,否,否,否,否,否,—,,,
3701,大眾控,趨勢持續,外資連買,42.65,2.77,153,0,153,306,3,0,809,0,809,41.75,44.73,54.4,否,否,否,否,否,否,—,,,
4106,雃博,低位啟動,外資連買,25.0,0.6,157,0,157,314,3,0,303,0,303,24.4,23.65,23.25,是,是,否,否,是,否,均線多頭、布林突破,,,
3533,嘉澤,強勢噴出,外資連買,2025.0,5.19,264,-85,264,443,3,0,390,-187,390,,,,,,,,,,—,,,
2049,上銀,趨勢持續,外資連買,321.5,1.42,42,0,42,84,3,0,602,35,602,,,,,,,,,,—,,,
2923,鼎固-KY,強勢噴出,外資連買,33.9,8.65,115,0,115,230,3,0,679,0,679,,,,,,,,,,—,,,
1527,鑽全,低位啟動,外資連買,34.2,0.74,55,0,55,110,3,0,207,0,207,33.85,33.52,33.04,是,是,否,否,否,否,均線多頭,,,
6854,錼創科技-KY創,低位啟動,外資連買,105.5,0.96,98,0,98,196,3,0,221,0,221,110.5,121.28,142.12,否,否,否,否,否,否,—,,,
6205,詮欣,低位啟動,外資連買,67.0,1.67,101,0,101,202,3,0,776,0,776,68.6,75.11,80.58,否,否,是,否,否,否,KD黃金交叉,,,
2233,宇隆,趨勢持續,外資連買,236.5,4.19,90,0,90,180,3,0,501,0,501,242.9,255.35,288.68,否,否,否,否,否,是,爆量長紅,,,
1515,力山,低位啟動,外資連買,41.1,0.24,101,0,101,202,3,0,440,0,440,40.98,34.14,26.53,是,是,否,否,否,否,均線多頭,,,
9934,成霖,低位啟動,外資連買,10.8,0.93,77,0,77,154,3,0,477,0,477,10.6,10.31,9.96,是,是,否,否,否,否,均線多頭,,,
1437,勤益控,低位啟動,外資連買,30.85,1.31,84,0,84,168,3,0,87,0,87,30.67,30.32,29.47,是,是,否,否,否,否,均線多頭,,,
5525,順天,低位啟動,外資連買,22.1,0.23,72,0,72,144,3,0,125,0,125,22.0,21.88,22.41,否,否,否,否,否,否,—,,,
1442,名軒,低位啟動,外資連買,29.0,0.87,75,0,75,150,3,0,300,0,300,,,,,,,,,,—,,,
6790,永豐實,低位啟動,外資連買,38.6,0.65,61,0,61,122,3,0,32,0,32,,,,,,,,,,—,,,
2705,六福,低位啟動,外資連買,16.3,0.62,52,0,52,104,3,0,155,0,155,16.24,16.27,16.01,否,是,否,否,否,否,—,,,
2468,華經,趨勢持續,外資連買,37.4,2.61,49,0,49,98,3,0,144,0,144,37.11,36.98,36.19,是,否,否,否,否,否,均線多頭,,,
3257,虹冠電,低位啟動,外資連買,58.1,0.35,49,0,49,98,3,0,161,0,161,61.56,65.03,59.36,否,是,否,否,否,否,—,,,
1734,杏輝,低位啟動,外資連買,32.85,0.31,44,0,44,88,3,0,180,0,180,32.99,32.65,31.65,是,是,否,否,否,否,均線多頭,,,
2929,淘帝-KY,低位啟動,外資連買,5.86,1.91,28,0,28,56,3,0,101,0,101,5.82,5.8,5.78,是,否,是,否,否,否,均線多頭、KD黃金交叉,,,
3266,昇陽,強勢噴出,外資連買,13.95,3.33,42,0,42,84,3,0,77,0,77,13.58,13.58,13.27,否,是,是,是,是,否,KD黃金交叉、MACD翻多、布林突破,,,
2012,春雨,趨勢持續,外資連買,16.1,3.54,37,0,37,74,3,0,66,0,66,15.8,15.68,15.05,是,是,否,否,否,否,均線多頭,,,
9924,福興,低位啟動,外資連買,40.8,1.37,51,0,51,102,3,0,80,0,80,,,,,,,,,,—,,,
4977,眾達-KY,低位啟動,外資連買,149.0,1.36,30,0,30,60,3,0,647,-1,647,,,,,,,,,,—,,,
8367,建新國際,低位啟動,外資連買,40.7,0.99,28,0,28,56,3,0,35,0,35,,,,,,,,,,—,,,
6183,關貿,低位啟動,外資連買,90.9,0.66,21,0,21,42,3,0,122,0,122,90.32,90.02,91.2,否,是,否,否,否,否,—,,,
9935,慶豐富,低位啟動,外資連買,18.85,0.8,23,0,23,46,3,0,-50,-4,-50,18.63,19.15,18.81,否,否,否,否,否,否,—,,,
4555,氣立,趨勢持續,外資連買,48.35,2.55,19,0,19,38,3,0,39,0,39,,,,,,,,,,—,,,
3679,新至陞,趨勢持續,外資連買,111.0,3.26,16,0,16,32,3,0,33,-1,33,,,,,,,,,,—,,,
1235,興泰,趨勢持續,外資連買,37.0,3.79,16,0,16,32,3,0,36,0,36,,,,,,,,,,—,,,
8478,東哥遊艇,趨勢持續,外資連買,156.0,0.97,16,0,16,32,3,0,71,0,71,,,,,,,,,,—,,,
1558,伸興,低位啟動,外資連買,93.0,0.76,11,0,11,22,3,0,-8,0,-8,92.52,91.47,91.24,是,是,否,否,否,否,均線多頭,,,
9929,秋雨,趨勢持續,外資連買,11.25,3.69,6,0,6,12,3,0,2,0,2,11.05,11.4,11.6,否,否,否,否,否,否,—,,,
1541,錩泰,低位啟動,外資連買,21.75,0.69,9,0,9,18,3,0,26,0,26,,,,,,,,,,—,,,
6271,同欣電,趨勢持續,外資連買,224.0,0.67,233,-2,233,464,3,0,3824,-187,3824,238.5,251.65,221.57,否,是,否,否,否,否,—,,,
4967,十銓,趨勢持續,外資連買,230.5,2.67,8,0,8,16,3,0,-276,370,-276,230.1,257.95,270.73,否,否,是,否,否,否,KD黃金交叉,,,
2455,全新,強勢噴出,外資連買,315.5,0.32,316,-32,316,600,3,0,2578,272,2578,324.9,360.95,368.3,否,否,否,否,否,否,—,,,
2002,中鋼,強勢噴出,外資連買,18.65,0.81,9274,-7,9274,18541,2,0,-15859,-76,-15859,18.56,18.85,18.85,否,否,是,否,否,否,KD黃金交叉,,,
2615,萬海,強勢噴出,外資連買,81.7,2.9,5104,-53,5104,10155,2,0,13744,-34,13744,80.02,79.49,79.4,是,否,是,否,否,否,均線多頭、KD黃金交叉,,,
9945,潤泰新,強勢噴出,外資連買,26.4,2.13,2377,0,2377,4754,2,0,5278,0,5278,25.8,26.5,24.9,否,否,否,否,否,否,—,,,
3231,緯創,強勢噴出,外資連買,145.5,2.11,1889,-581,1889,3197,2,0,-3143,-954,-3143,,,,,,,,,,—,,,
2014,中鴻,強勢噴出,外資連買,17.35,2.06,1294,0,1294,2588,2,0,1394,0,1394,,,,,,,,,,—,,,
2388,威盛,強勢噴出,外資連買,75.8,4.99,627,0,627,1254,2,0,-1474,-6,-1474,,,,,,,,,,—,,,
1711,永光,強勢噴出,外資連買,43.75,4.54,1211,0,1211,2422,2,0,2940,0,2940,,,,,,,,,,—,,,
3028,增你強,強勢噴出,外資連買,77.0,10.0,1111,-2,1111,2220,2,0,-344,5,-344,,,,,,,,,,—,,,
2851,中再保,強勢噴出,外資連買,38.5,2.26,605,-9,605,1201,2,0,472,523,472,38.08,38.12,35.1,否,是,是,否,否,否,KD黃金交叉,,,
6451,訊芯-KY,強勢噴出,外資連買,491.0,9.97,414,0,414,828,2,0,853,0,853,494.1,545.85,531.08,否,否,是,否,否,否,KD黃金交叉,,,
1722,台肥,強勢噴出,外資連買,48.05,1.05,489,-1,489,977,2,0,-88,-12,-88,47.68,47.95,47.09,否,否,否,否,否,否,—,,,
9933,中鼎,強勢噴出,外資連買,40.7,1.5,482,-10,482,954,2,0,-409,-18,-409,40.63,41.82,39.72,否,否,是,否,否,否,KD黃金交叉,,,
1789,神隆,強勢噴出,外資連買,20.85,4.77,445,0,445,890,2,0,416,0,416,20.44,20.52,20.11,否,是,是,否,否,否,KD黃金交叉,,,
1219,福壽,強勢噴出,外資連買,12.2,3.39,415,0,415,830,2,0,359,0,359,12.06,12.36,12.79,否,否,是,否,否,否,KD黃金交叉,,,
3583,辛耘,強勢噴出,外資連買,842.0,9.92,386,0,386,772,2,0,537,6,537,800.8,846.25,843.12,否,是,是,否,否,是,KD黃金交叉、爆量長紅,,,
1773,勝一,強勢噴出,外資連買,184.5,6.03,380,-3,380,757,2,0,276,-5,276,,,,,,,,,,—,,,
6278,台表科,強勢噴出,外資連買,177.0,2.61,579,-94,579,1064,2,0,-3676,259,-3676,,,,,,,,,,—,,,
1110,東泥,強勢噴出,外資連買,16.15,2.54,307,0,307,614,2,0,375,0,375,,,,,,,,,,—,,,
6949,沛爾生醫-創,強勢噴出,外資連買,1025.0,9.63,280,0,280,560,2,0,384,0,384,,,,,,,,,,—,,,
9958,世紀鋼,趨勢持續,外資連買,119.0,2.15,40,-2,40,78,2,0,-351,25,-351,117.5,116.72,109.58,是,是,否,否,否,否,均線多頭,,,
5534,長虹,低位啟動,外資連買,80.2,1.01,233,0,233,466,2,0,387,0,387,79.48,79.86,78.09,否,否,否,否,否,否,—,,,
1312,國喬,低位啟動,外資連買,13.15,0.38,177,0,177,354,2,0,-5106,0,-5106,13.35,13.81,12.64,否,是,否,否,否,否,—,,,
2010,春源,低位啟動,外資連買,21.45,1.18,210,0,210,420,2,0,294,0,294,21.27,22.98,23.53,否,否,是,否,否,否,KD黃金交叉,,,
2030,彰源,趨勢持續,外資連買,17.75,2.01,208,0,208,416,2,0,-1393,0,-1393,17.62,18.56,17.75,否,否,否,否,否,否,—,,,
2007,燁興,趨勢持續,外資連買,7.34,2.51,200,0,200,400,2,0,72,0,72,7.26,7.29,7.39,否,否,否,是,否,否,MACD翻多,,,
1103,嘉泥,低位啟動,外資連買,13.6,1.49,201,0,201,402,2,0,44,0,44,13.48,13.56,13.43,否,否,是,否,否,否,KD黃金交叉,,,
2849,安泰銀,低位啟動,外資連買,14.8,1.37,148,0,148,296,2,0,536,0,536,14.61,14.57,14.03,是,是,否,否,否,否,均線多頭,,,
6405,悅城,低位啟動,外資連買,50.0,1.42,154,0,154,308,2,0,460,0,460,53.0,60.65,60.56,否,否,否,否,否,否,—,,,
4764,雙鍵,強勢噴出,外資連買,364.5,9.95,94,0,94,188,2,0,-853,1843,-853,,,,,,,,,,—,,,
8404,百和興業-KY,低位啟動,外資連買,17.05,1.79,129,0,129,258,2,0,210,0,210,,,,,,,,,,—,,,
2483,百容,強勢噴出,外資連買,51.0,8.74,111,0,111,222,2,0,469,0,469,,,,,,,,,,—,,,
6541,泰福-KY,低位啟動,外資連買,40.2,1.39,137,0,137,274,2,0,111,0,111,,,,,,,,,,—,,,
1614,三洋電,低位啟動,外資連買,32.4,0.78,130,0,130,260,2,0,174,0,174,,,,,,,,,,—,,,
2505,國揚,低位啟動,外資連買,17.85,0.85,135,0,135,270,2,0,81,0,81,,,,,,,,,,—,,,
6416,瑞祺電通,趨勢持續,外資連買,101.5,3.68,129,0,129,258,2,0,419,0,419,,,,,,,,,,—,,,
1904,正隆,低位啟動,外資連買,22.3,0.0,280,-1,280,559,2,0,-2030,-8,-2030,,,,,,,,,,—,,,
2608,嘉里大榮,低位啟動,外資連買,29.4,1.03,137,0,137,274,2,0,147,0,147,,,,,,,,,,—,,,
6799,來頡,低位啟動,外資連買,92.5,1.54,118,0,118,236,2,0,-238,0,-238,,,,,,,,,,—,,,
1707,葡萄王,低位啟動,外資連買,91.9,0.44,117,-4,117,230,2,0,355,-4,355,91.5,94.49,103.12,否,否,否,否,否,否,—,,,
8429,金麗-KY,低位啟動,外資連買,6.26,1.13,102,0,102,204,2,0,3,0,3,6.24,6.33,6.41,否,否,否,否,否,否,—,,,
2706,第一店,強勢噴出,外資連買,12.75,1.19,98,0,98,196,2,0,126,0,126,12.61,12.54,12.33,是,是,是,是,是,否,均線多頭、KD黃金交叉、MACD翻多、布林突破,,,
3437,榮創,低位啟動,外資連買,19.85,1.53,77,0,77,154,2,0,-315,0,-315,20.29,21.46,23.54,否,否,是,否,否,否,KD黃金交叉,,,
1540,喬福,低位啟動,外資連買,23.3,1.3,118,0,118,236,2,0,165,0,165,22.69,22.22,21.64,是,是,否,否,是,否,均線多頭、布林突破,,,
2258,鴻華先進-創,低位啟動,外資連買,32.6,1.56,137,0,137,274,2,0,400,0,400,32.05,32.63,30.44,否,是,否,否,否,否,—,,,
3338,泰碩,趨勢持續,外資連買,67.1,2.29,90,0,90,180,2,0,246,0,246,67.54,71.2,74.2,否,否,是,否,否,否,KD黃金交叉,,,
1909,榮成,趨勢持續,外資連買,10.45,2.45,294,0,294,588,2,0,458,0,458,10.42,10.04,9.5,是,是,否,否,否,否,均線多頭,,,
4178,永笙-KY,低位啟動,外資連買,18.6,1.92,84,0,84,168,2,0,24,0,24,18.64,18.03,19.34,否,是,否,否,否,否,—,,,
3046,建碁,趨勢持續,外資連買,54.7,2.63,76,0,76,152,2,0,20,0,20,54.58,54.13,53.41,是,否,是,否,否,否,均線多頭、KD黃金交叉,,,
1615,大山,低位啟動,外資連買,47.05,0.11,70,0,70,140,2,0,66,0,66,46.55,45.34,44.95,是,是,否,否,是,否,均線多頭、布林突破,,,
6426,統新,趨勢持續,外資連買,180.0,3.15,70,0,70,140,2,0,335,0,335,,,,,,,,,,—,,,
3055,蔚華科,強勢噴出,外資連買,193.0,9.97,52,0,52,104,2,0,5,0,5,,,,,,,,,,—,,,
2514,龍邦,低位啟動,外資連買,12.95,1.17,92,0,92,184,2,0,43,0,43,,,,,,,,,,—,,,
1806,冠軍,低位啟動,外資連買,8.37,1.33,53,0,53,106,2,0,1,0,1,,,,,,,,,,—,,,
1760,寶齡富錦,低位啟動,外資連買,62.0,1.97,67,0,67,134,2,0,92,0,92,,,,,,,,,,—,,,
9905,大華,低位啟動,外資連買,20.7,0.73,65,0,65,130,2,0,60,0,60,,,,,,,,,,—,,,
3032,偉訓,趨勢持續,外資連買,82.8,2.99,60,0,60,120,2,0,53,0,53,,,,,,,,,,—,,,
1447,力鵬,強勢噴出,外資連買,8.87,9.91,69,0,69,138,2,0,1105,0,1105,,,,,,,,,,—,,,
2028,威致,趨勢持續,外資連買,16.0,2.56,51,0,51,102,2,0,68,0,68,,,,,,,,,,—,,,
2701,萬企,低位啟動,外資連買,10.8,0.47,55,0,55,110,2,0,95,0,95,10.77,10.66,10.55,是,是,否,否,否,否,均線多頭,,,
2524,京城,趨勢持續,外資連買,36.6,2.23,55,0,55,110,2,0,133,0,133,35.67,36.42,36.0,否,否,否,否,否,否,—,,,
4426,利勤,趨勢持續,外資連買,8.29,2.85,48,0,48,96,2,0,129,0,129,8.22,8.1,8.13,否,是,否,否,否,否,—,,,
9908,大台北,低位啟動,外資連買,29.15,0.0,57,0,57,114,2,0,105,0,105,29.69,29.71,29.49,否,是,否,否,否,否,—,,,
7610,聯友金屬-創,趨勢持續,外資連買,2430.0,0.0,45,0,45,90,2,0,544,0,544,2484.0,2353.0,1526.7,是,是,否,否,否,否,均線多頭,,,
1732,毛寶,低位啟動,外資連買,26.4,1.73,44,0,44,88,2,0,-82,0,-82,26.4,26.35,26.31,是,否,否,否,否,否,均線多頭,,,
2753,八方雲集,趨勢持續,外資連買,177.0,0.85,48,-1,48,95,2,0,-170,-4,-170,176.9,184.25,180.69,否,否,是,否,否,否,KD黃金交叉,,,
6152,百一,趨勢持續,外資連買,13.2,3.53,40,0,40,80,2,0,335,0,335,13.19,13.61,14.51,否,否,是,是,否,否,KD黃金交叉、MACD翻多,,,
5531,鄉林,趨勢持續,外資連買,7.93,2.19,45,0,45,90,2,0,87,0,87,7.9,8.01,8.1,否,否,是,否,否,否,KD黃金交叉,,,
2373,震旦行,低位啟動,外資連買,54.7,1.67,42,0,42,84,2,0,62,0,62,54.0,56.62,57.05,否,否,否,否,否,否,—,,,
1109,信大,低位啟動,外資連買,14.65,0.69,47,0,47,94,2,0,8,0,8,14.65,14.61,14.86,否,否,否,否,否,否,—,,,
1457,宜進,趨勢持續,外資連買,14.4,2.13,40,0,40,80,2,0,28,0,28,14.26,14.29,14.39,否,否,否,是,否,否,MACD翻多,,,
9943,好樂迪,低位啟動,外資連買,53.4,0.38,38,0,38,76,2,0,27,0,27,53.34,55.86,55.99,否,否,否,否,否,否,—,,,
6281,全國電,低位啟動,外資連買,51.8,1.57,38,0,38,76,2,0,-18,0,-18,51.46,51.42,51.1,是,否,否,是,否,否,均線多頭、MACD翻多,,,
3447,展達,低位啟動,外資連買,33.0,1.38,35,0,35,70,2,0,5,0,5,,,,,,,,,,—,,,
6887,寶綠特-KY,強勢噴出,外資連買,39.7,9.97,34,0,34,68,2,0,46,0,46,,,,,,,,,,—,,,
1225,福懋油,趨勢持續,外資連買,27.05,2.08,33,0,33,66,2,0,10,0,10,,,,,,,,,,—,,,
1315,達新,低位啟動,外資連買,65.0,1.88,32,0,32,64,2,0,49,0,49,,,,,,,,,,—,,,
1786,科妍,趨勢持續,外資連買,53.1,2.12,34,0,34,68,2,0,-115,0,-115,,,,,,,,,,—,,,
0055,元大MSCI金融,低位啟動,外資連買,42.37,1.07,93,0,93,186,2,0,106,0,106,,,,,,,,,,—,,,
6706,惠特,低位啟動,外資連買,128.5,1.98,38,0,38,76,2,0,1218,0,1218,,,,,,,,,,—,,,
2911,麗嬰房,低位啟動,外資連買,7.52,1.48,31,0,31,62,2,0,-68,0,-68,,,,,,,,,,—,,,
2438,翔耀,趨勢持續,外資連買,19.9,2.58,27,0,27,54,2,0,-80,0,-80,,,,,,,,,,—,,,
5234,達興材料,趨勢持續,外資連買,376.0,3.16,20,-1,20,39,2,0,-290,-1,-290,,,,,,,,,,—,,,
2072,世紀風電,趨勢持續,外資連買,146.0,3.55,29,0,29,58,2,0,-321,0,-321,,,,,,,,,,—,,,
1419,新紡,低位啟動,外資連買,66.8,1.21,27,0,27,54,2,0,80,-2,80,66.44,66.27,64.99,是,是,否,否,否,否,均線多頭,,,
1736,喬山,低位啟動,外資連買,131.0,1.95,18,0,18,36,2,0,272,-2,272,130.2,124.9,120.93,是,是,否,否,否,否,均線多頭,,,
2013,中鋼構,低位啟動,外資連買,40.9,0.62,29,0,29,58,2,0,-49,0,-49,41.03,42.58,42.67,否,否,否,否,否,否,—,,,
7721,微程式,低位啟動,外資連買,68.0,0.44,28,0,28,56,2,0,42,0,42,69.46,72.41,75.21,否,否,否,否,否,否,—,,,
8481,政伸,強勢噴出,外資連買,43.9,3.54,24,0,24,48,2,0,22,0,22,42.61,42.09,41.3,是,是,否,否,是,是,均線多頭、布林突破、爆量長紅,,,
8442,威宏-KY,低位啟動,外資連買,46.0,0.88,26,0,26,52,2,0,-105,-2,-105,45.47,42.28,43.89,否,是,否,否,否,否,—,,,
2509,全坤建,低位啟動,外資連買,13.3,0.76,25,0,25,50,2,0,19,0,19,13.2,13.44,13.27,否,否,否,否,否,否,—,,,
7818,溢泰實業,低位啟動,外資連買,70.0,0.0,26,0,26,52,2,0,87,0,87,70.1,65.98,78.92,否,是,否,否,否,否,—,,,
9918,欣天然,低位啟動,外資連買,44.1,0.34,24,0,24,48,2,0,96,0,96,43.68,43.41,43.4,是,是,否,否,是,否,均線多頭、布林突破,,,
2433,互盛電,低位啟動,外資連買,42.55,1.31,27,0,27,54,2,0,21,0,21,42.08,43.41,44.3,否,否,是,否,否,否,KD黃金交叉,,,
2466,冠西電,強勢噴出,外資連買,115.5,10.0,17,0,17,34,2,0,486,0,486,103.28,74.86,58.55,是,是,否,否,否,否,均線多頭,,,
2702,華園,低位啟動,外資連買,13.2,0.76,18,0,18,36,2,0,33,0,33,13.12,12.91,13.62,否,是,否,否,否,否,—,,,
1443,立益物流,低位啟動,外資連買,26.55,1.53,20,0,20,40,2,0,29,0,29,26.3,26.7,25.63,否,否,是,否,否,否,KD黃金交叉,,,
5007,三星,低位啟動,外資連買,56.4,0.89,21,0,21,42,2,0,171,0,171,55.88,56.0,56.9,否,否,否,否,否,否,—,,,
2239,英利-KY,低位啟動,外資連買,20.35,1.5,22,0,22,44,2,0,-34,0,-34,21.07,22.08,22.55,否,否,否,否,否,否,—,,,
1472,三洋實業,趨勢持續,外資連買,90.5,4.14,19,0,19,38,2,0,7,0,7,88.06,88.89,90.06,否,否,是,是,否,否,KD黃金交叉、MACD翻多,,,
1726,永記,低位啟動,外資連買,79.5,0.38,19,0,19,38,2,0,18,0,18,,,,,,,,,,—,,,
6796,晉弘,趨勢持續,外資連買,59.7,3.47,16,0,16,32,2,0,-11,0,-11,,,,,,,,,,—,,,
1452,宏益,低位啟動,外資連買,11.9,1.28,29,0,29,58,2,0,16,0,16,,,,,,,,,,—,,,
6201,亞弘電,低位啟動,外資連買,49.2,0.41,15,0,15,30,2,0,2,0,2,,,,,,,,,,—,,,
6671,三能-KY,低位啟動,外資連買,24.0,0.84,18,0,18,36,2,0,20,0,20,,,,,,,,,,—,,,
9944,新麗,低位啟動,外資連買,17.95,0.84,12,0,12,24,2,0,2,0,2,,,,,,,,,,—,,,
2910,統領,強勢噴出,外資連買,27.0,9.98,14,0,14,28,2,0,71,0,71,,,,,,,,,,—,,,
1735,日勝化,趨勢持續,外資連買,21.4,4.39,17,0,17,34,2,0,-85,-1,-85,,,,,,,,,,—,,,
2739,寒舍,低位啟動,外資連買,34.75,1.46,14,0,14,28,2,0,-191,0,-191,,,,,,,,,,—,,,
3308,聯德,低位啟動,外資連買,21.25,1.19,12,0,12,24,2,0,-44,0,-44,,,,,,,,,,—,,,
6184,大豐電,低位啟動,外資連買,43.1,0.82,14,0,14,28,2,0,20,0,20,42.89,44.21,45.78,否,否,否,否,否,否,—,,,
8374,羅昇,低位啟動,外資連買,83.3,1.96,15,0,15,30,2,0,-1,0,-1,84.58,87.97,91.9,否,否,否,否,否,否,—,,,
6952,大武山,低位啟動,外資連買,35.6,1.14,12,0,12,24,2,0,10,0,10,35.2,35.63,36.61,否,否,否,是,否,否,MACD翻多,,,
6581,鋼聯,低位啟動,外資連買,108.0,0.47,12,0,12,24,2,0,19,0,19,107.5,107.4,107.94,否,否,否,否,否,否,—,,,
1410,南染,趨勢持續,外資連買,27.05,3.84,10,0,10,20,2,0,-31,0,-31,26.28,25.5,26.7,否,是,是,否,否,否,KD黃金交叉,,,
3054,立萬利,趨勢持續,外資連買,60.2,2.03,15,0,15,30,2,0,32,0,32,60.82,63.47,67.99,否,否,是,否,否,否,KD黃金交叉,,,
9931,欣高,低位啟動,外資連買,33.7,0.9,11,0,11,22,2,0,-72,0,-72,33.32,34.08,34.48,否,否,否,否,否,否,—,,,
1438,三地開發,低位啟動,外資連買,21.45,0.23,13,0,13,26,2,0,17,0,17,21.72,22.33,22.05,否,否,否,否,否,否,—,,,
4540,全球傳動,低位啟動,外資連買,55.8,0.9,10,0,10,20,2,0,937,0,937,57.6,59.15,64.14,否,否,否,否,否,否,—,,,
6908,宏碁遊戲-創,低位啟動,外資連買,37.0,0.82,10,0,10,20,2,0,11,0,11,36.82,37.77,38.79,否,否,否,否,否,否,—,,,
7722,LINEPAY,趨勢持續,外資連買,306.5,1.49,10,0,10,20,2,0,-18,46,-18,313.7,317.45,295.46,否,否,否,否,否,否,—,,,
6534,正瀚-創,低位啟動,外資連買,93.7,0.21,11,0,11,22,2,0,46,0,46,93.14,91.62,93.6,否,是,否,否,否,否,—,,,
2722,夏都,低位啟動,外資連買,22.95,1.32,7,0,7,14,2,0,11,0,11,22.72,22.93,23.06,否,否,否,否,否,否,—,,,
4999,鑫禾,低位啟動,外資連買,19.85,1.53,6,0,6,12,2,0,-5,0,-5,19.88,20.25,20.74,否,否,是,否,否,否,KD黃金交叉,,,
1731,美吾華,低位啟動,外資連買,20.75,0.97,8,0,8,16,2,0,-16,0,-16,20.64,21.17,21.46,否,否,是,否,否,否,KD黃金交叉,,,
1441,大東,趨勢持續,外資連買,9.29,2.09,11,0,11,22,2,0,7,0,7,9.26,9.22,9.71,否,是,否,否,否,否,—,,,
6655,科定,趨勢持續,外資連買,120.0,3.9,8,0,8,16,2,0,5,0,5,118.4,121.35,129.2,否,否,是,否,否,是,KD黃金交叉、爆量長紅,,,
6754,匯僑設計,趨勢持續,外資連買,43.55,4.19,7,0,7,14,2,0,-3,0,-3,42.02,44.08,44.87,否,否,是,否,否,否,KD黃金交叉,,,
6117,迎廣,低位啟動,外資連買,68.2,0.89,9,0,9,18,2,0,-75,0,-75,69.92,73.14,80.23,否,否,否,否,否,否,—,,,
2904,匯僑,低位啟動,外資連買,13.9,0.72,7,0,7,14,2,0,6,0,6,13.93,14.12,14.73,否,否,否,否,否,否,—,,,
7705,三商餐飲,趨勢持續,外資連買,31.05,2.31,9,0,9,18,2,0,9,0,9,30.54,31.49,31.82,否,否,否,否,否,否,—,,,
2906,高林,低位啟動,外資連買,14.0,1.45,2,0,2,4,2,0,281,0,281,13.94,13.8,12.98,是,是,否,否,否,否,均線多頭,,,
1413,宏洲,低位啟動,外資連買,9.42,0.64,6,0,6,12,2,0,11,0,11,9.39,9.39,9.5,否,否,是,否,否,否,KD黃金交叉,,,
2024,志聯,低位啟動,外資連買,13.9,0.72,6,0,6,12,2,0,7,0,7,13.76,13.95,14.02,否,否,否,否,否,否,—,,,
2712,遠雄來,低位啟動,外資連買,15.45,1.98,7,0,7,14,2,0,9,0,9,15.03,15.05,15.72,否,是,否,否,是,否,布林突破,,,
6645,金萬林-創,低位啟動,外資連買,14.9,0.68,7,0,7,14,2,0,16,0,16,15.38,15.65,13.67,否,是,否,否,否,否,—,,,
1521,大億,低位啟動,外資連買,26.0,1.96,5,0,5,10,2,0,13,0,13,,,,,,,,,,—,,,
1470,大統新創,強勢噴出,外資連買,23.0,6.98,6,0,6,12,2,0,6,0,6,,,,,,,,,,—,,,
3168,眾福科,低位啟動,外資連買,44.35,1.72,7,0,7,14,2,0,6,0,6,,,,,,,,,,—,,,
6955,邦睿生技-創,趨勢持續,外資連買,115.0,4.07,10,0,10,20,2,0,3,0,3,,,,,,,,,,—,,,
8940,新天地,低位啟動,外資連買,16.35,0.62,3,0,3,6,2,0,32,0,32,,,,,,,,,,—,,,
2901,欣欣,趨勢持續,外資連買,24.45,3.16,5,0,5,10,2,0,10,0,10,,,,,,,,,,—,,,
2945,三商家購,低位啟動,外資連買,41.6,0.24,3,0,3,6,2,0,6,0,6,,,,,,,,,,—,,,
7736,虎山,低位啟動,外資連買,70.8,0.57,3,0,3,6,2,0,2,0,2,,,,,,,,,,—,,,
2254,巨鎧精密-創,低位啟動,外資連買,59.5,0.34,2,0,2,4,2,0,3,0,3,,,,,,,,,,—,,,
1341,富林-KY,低位啟動,外資連買,59.0,0.0,3,0,3,6,2,0,4,0,4,,,,,,,,,,—,,,
6924,榮惠-KY創,趨勢持續,外資連買,118.5,2.16,6,0,6,12,2,0,-133,0,-133,,,,,,,,,,—,,,
6641,基士德-KY,低位啟動,外資連買,18.05,0.84,3,0,3,6,2,0,-7,0,-7,,,,,,,,,,—,,,
6225,天瀚,強勢噴出,外資連買,26.3,6.69,2,0,2,4,2,0,3,0,3,,,,,,,,,,—,,,
8488,吉源-KY,低位啟動,外資連買,10.2,1.49,4,0,4,8,2,0,7,0,7,,,,,,,,,,—,,,
6936,永鴻生技,低位啟動,外資連買,32.25,1.26,2,0,2,4,2,0,11,0,11,32.41,32.75,33.51,否,否,否,否,否,否,—,,,
4585,達明,趨勢持續,外資連買,304.0,1.0,4,0,4,8,2,0,-8,0,-8,309.2,311.35,325.43,否,否,否,否,否,否,—,,,
6515,穎崴,趨勢持續,外資連買,7255.0,3.05,11,-14,11,8,2,0,111,-110,111,7428.0,8641.25,9242.25,否,否,否,否,否,否,—,,,
7732,金興精密,低位啟動,外資連買,35.75,0.0,13,0,13,26,2,0,3,0,3,35.7,35.8,35.64,否,否,否,否,否,否,—,,,
6805,富世達,強勢噴出,外資連買,1395.0,5.68,72,-153,72,-9,2,0,1922,-1557,1922,1396.0,1616.0,1807.5,否,否,是,否,否,否,KD黃金交叉,,,
3017,奇鋐,趨勢持續,外資連買,2165.0,2.12,76,-158,76,-6,2,0,-66,-667,-66,2237.0,2426.0,2540.58,否,否,否,否,否,否,—,,,
6770,力積電,強勢噴出,外資連買,76.1,9.97,54266,-12,54266,108520,1,0,13902,-1607,13902,71.32,75.15,68.22,否,是,否,否,否,否,—,,,
2353,宏碁,強勢噴出,外資連買,31.05,0.98,13345,-47,13345,26643,1,0,34142,-4307,34142,31.71,33.06,31.97,否,否,是,否,否,否,KD黃金交叉,,,
1101,台泥,強勢噴出,外資連買,23.55,3.74,11474,-80,11474,22868,1,0,-45310,-109,-45310,22.98,23.75,24.21,否,否,是,否,否,否,KD黃金交叉,,,
2609,陽明,強勢噴出,外資連買,50.2,4.58,11205,-44,11205,22366,1,0,-11081,291,-11081,50.44,51.22,51.06,否,否,否,否,否,否,—,,,
8150,南茂,強勢噴出,外資連買,114.0,9.62,8890,-7,8890,17773,1,0,-18788,3614,-18788,111.3,105.1,92.27,是,是,否,否,否,否,均線多頭,,,
2890,永豐金,強勢噴出,外資連買,39.95,0.76,9067,-995,9067,17139,1,0,19627,1101,19627,40.43,39.63,34.05,是,是,否,否,否,否,均線多頭,,,
0056,元大高股息,強勢噴出,外資連買,53.0,2.42,8232,0,8232,16464,1,0,-13779,3360,-13779,52.43,52.63,48.38,否,是,是,否,否,否,KD黃金交叉,,,
2881,富邦金,強勢噴出,外資連買,128.5,2.8,8761,-877,8761,16645,1,0,8846,-1286,8846,126.2,129.12,110.66,否,是,否,否,否,否,—,,,
1605,華新,強勢噴出,外資連買,35.0,5.26,6808,-2,6808,13614,1,0,-8969,-16,-8969,34.28,36.49,35.58,否,否,是,否,否,否,KD黃金交叉,,,
3033,威健,強勢噴出,外資連買,55.6,9.88,7068,0,7068,14136,1,0,12199,-6,12199,51.26,50.09,46.74,是,是,是,是,是,是,均線多頭、KD黃金交叉、MACD翻多、布林突破、爆量長紅,,,
2312,金寶,強勢噴出,外資連買,34.6,5.49,5224,-100,5224,10348,1,0,3424,-100,3424,33.95,34.8,33.1,否,否,是,否,否,否,KD黃金交叉,,,
2317,鴻海,強勢噴出,外資連買,239.0,1.49,6880,-890,6880,12870,1,0,3712,1540,3712,237.2,249.47,251.45,否,否,否,否,否,否,—,,,
3006,晶豪科,強勢噴出,外資連買,239.0,9.89,6022,-4,6022,12040,1,0,11831,-7,11831,227.4,228.32,217.1,否,是,否,是,否,否,MACD翻多,,,
8131,福懋科,強勢噴出,外資連買,81.2,0.0,4119,-10,4119,8228,1,0,-447,-9,-447,76.86,75.16,69.42,是,是,是,是,否,否,均線多頭、KD黃金交叉、MACD翻多,,,
2486,一詮,強勢噴出,外資連買,257.0,9.83,4093,0,4093,8186,1,0,3014,0,3014,248.5,249.0,255.7,否,是,是,是,否,否,KD黃金交叉、MACD翻多,,,
2515,中工,強勢噴出,外資連買,13.9,4.12,3069,-19,3069,6119,1,0,-5676,-28,-5676,13.77,13.51,13.2,是,是,否,否,否,否,均線多頭,,,
2834,臺企銀,強勢噴出,外資連買,17.85,1.13,3290,-116,3290,6464,1,0,-55832,-138,-55832,17.89,17.79,16.84,是,是,否,否,否,否,均線多頭,,,
8112,至上,強勢噴出,外資連買,87.6,2.58,2769,0,2769,5538,1,0,-17376,71,-17376,86.18,91.8,88.84,否,否,否,否,否,否,—,,,
2323,中環,強勢噴出,外資連買,11.05,4.25,3037,-100,3037,5974,1,0,-4300,-100,-4300,11.01,11.33,10.84,否,否,否,否,否,否,—,,,
1314,中石化,強勢噴出,外資連買,8.86,1.37,2355,0,2355,4710,1,0,-105111,0,-105111,9.01,8.6,7.78,是,是,否,否,否,否,均線多頭,,,
2301,光寶科,強勢噴出,外資連買,216.0,1.65,2693,-265,2693,5121,1,0,1169,-589,1169,,,,,,,,,,—,,,
6282,康舒,強勢噴出,外資連買,56.2,2.55,847,0,847,1694,1,0,-11660,1400,-11660,,,,,,,,,,—,,,
2328,廣宇,強勢噴出,外資連買,50.1,5.58,1520,0,1520,3040,1,0,1393,0,1393,,,,,,,,,,—,,,
9904,寶成,強勢噴出,外資連買,24.3,1.04,2460,-46,2460,4874,1,0,-8457,130,-8457,,,,,,,,,,—,,,
2606,裕民,強勢噴出,外資連買,64.2,2.72,1767,-35,1767,3499,1,0,5634,-87,5634,,,,,,,,,,—,,,
1513,中興電,強勢噴出,外資連買,171.0,4.27,743,-35,743,1451,1,0,1035,-118,1035,,,,,,,,,,—,,,
2329,華泰,強勢噴出,外資連買,51.4,6.09,1194,0,1194,2388,1,0,-5248,0,-5248,,,,,,,,,,—,,,
2801,彰銀,強勢噴出,外資連買,23.75,0.64,2108,-153,2108,4063,1,0,3562,-293,3562,,,,,,,,,,—,,,
2903,遠百,強勢噴出,外資連買,22.3,2.06,1386,-1,1386,2771,1,0,797,-10,797,,,,,,,,,,—,,,
0052,富邦科技,低位啟動,外資連買,62.25,1.8,185,0,185,370,1,0,-7206,100,-7206,,,,,,,,,,—,,,
2441,超豐,強勢噴出,外資連買,136.5,5.81,996,-38,996,1954,1,0,-2223,1027,-2223,,,,,,,,,,—,,,
2405,輔信,強勢噴出,外資連買,17.75,4.72,1168,0,1168,2336,1,0,-330,0,-330,,,,,,,,,,—,,,
6789,采鈺,強勢噴出,外資連買,527.0,9.34,1080,-4,1080,2156,1,0,549,2,549,,,,,,,,,,—,,,
2913,農林,強勢噴出,外資連買,11.4,1.79,1099,0,1099,2198,1,0,-6540,0,-6540,,,,,,,,,,—,,,
2034,允強,強勢噴出,外資連買,20.75,1.22,1062,0,1062,2124,1,0,1206,0,1206,,,,,,,,,,—,,,
2498,宏達電,強勢噴出,外資連買,44.3,3.02,941,-17,941,1865,1,0,787,-15,787,,,,,,,,,,—,,,
3036,文曄,強勢噴出,外資連買,200.0,1.78,1982,-119,1982,3845,1,0,-53,103,-53,,,,,,,,,,—,,,
2103,台橡,強勢噴出,外資連買,25.6,2.4,474,-8,474,940,1,0,-2545,-8,-2545,,,,,,,,,,—,,,
3706,神達,低位啟動,外資連買,90.9,1.34,77,-33,77,121,1,0,-5516,256,-5516,,,,,,,,,,—,,,
6477,安集,強勢噴出,外資連買,42.2,1.69,939,0,939,1878,1,0,-287,0,-287,,,,,,,,,,—,,,
2208,台船,強勢噴出,外資連買,21.5,1.65,943,0,943,1886,1,0,-599,0,-599,,,,,,,,,,—,,,
2889,國票金,強勢噴出,外資連買,15.8,0.64,968,-37,968,1899,1,0,11663,1969,11663,15.77,15.2,14.9,是,是,否,否,否,否,均線多頭,,,
2404,漢唐,強勢噴出,外資連買,1285.0,8.44,928,-20,928,1836,1,0,1663,-917,1663,1223.0,1285.0,1153.42,否,否,是,否,否,是,KD黃金交叉、爆量長紅,,,
4306,炎洲,強勢噴出,外資連買,14.9,2.41,808,0,808,1616,1,0,-551,0,-551,15.13,15.83,14.57,否,否,否,否,否,否,—,,,
2905,三商,強勢噴出,外資連買,15.6,1.96,700,0,700,1400,1,0,816,0,816,15.4,15.12,14.26,是,是,否,否,否,否,均線多頭,,,
2467,志聖,強勢噴出,外資連買,589.0,9.89,617,-1,617,1233,1,0,-1316,-2,-1316,565.6,594.75,588.44,否,是,否,否,否,否,—,,,
1560,中砂,強勢噴出,外資連買,742.0,9.93,844,-285,844,1403,1,0,303,-265,303,704.8,721.15,660.38,否,是,是,否,否,是,KD黃金交叉、爆量長紅,,,
1316,上曜,強勢噴出,外資連買,10.45,2.45,609,0,609,1218,1,0,-222,0,-222,10.33,10.49,10.76,否,否,否,否,否,否,—,,,
2331,精英,強勢噴出,外資連買,20.65,1.23,643,0,643,1286,1,0,1231,-387,1231,20.6,21.24,21.17,否,否,否,否,否,否,—,,,
2371,大同,強勢噴出,外資連買,27.25,0.18,625,-15,625,1235,1,0,4842,152,4842,27.45,27.54,29.11,否,否,否,否,否,否,—,,,
2104,國際中橡,強勢噴出,外資連買,10.6,1.92,548,0,548,1096,1,0,-3075,0,-3075,10.56,10.47,10.45,是,是,否,否,否,否,均線多頭,,,
4142,國光生,強勢噴出,外資連買,17.45,3.56,540,0,540,1080,1,0,-1432,0,-1432,17.33,17.4,17.56,否,否,否,否,否,否,—,,,
8422,可寧衛*,強勢噴出,外資連買,26.45,1.54,556,-29,556,1083,1,0,-13270,-2524,-13270,26.67,27.76,27.83,否,否,否,否,否,否,—,,,
4763,材料*-KY,強勢噴出,外資連買,46.95,2.62,522,-8,522,1036,1,0,-2227,-21,-2227,47.29,46.92,44.22,是,是,否,否,否,否,均線多頭,,,
3010,華立,強勢噴出,外資連買,120.5,4.33,487,0,487,974,1,0,-963,-3,-963,118.9,125.05,131.57,否,否,是,否,否,否,KD黃金交叉,,,
2376,技嘉,趨勢持續,外資連買,344.0,2.99,227,-111,227,343,1,0,1449,20,1449,337.0,336.7,327.3,是,否,是,否,否,否,均線多頭、KD黃金交叉,,,
3703,欣陸,強勢噴出,外資連買,20.65,1.47,472,0,472,944,1,0,189,-3,189,20.55,21.13,20.91,否,否,是,否,否,否,KD黃金交叉,,,
2201,裕隆,強勢噴出,外資連買,28.3,1.62,349,-12,349,686,1,0,45,-18,45,28.27,27.9,27.59,是,是,否,否,否,否,均線多頭,,,
6120,達運,強勢噴出,外資連買,14.1,2.92,482,0,482,964,1,0,-1323,0,-1323,14.03,14.32,13.94,否,是,是,否,否,否,KD黃金交叉,,,
2442,新美齊,強勢噴出,外資連買,19.3,1.05,448,0,448,896,1,0,633,0,633,19.23,19.41,19.01,否,否,否,否,否,否,—,,,
6962,奕力-KY,強勢噴出,外資連買,35.05,3.39,415,0,415,830,1,0,-4430,2,-4430,35.41,37.73,37.11,否,否,否,否,否,否,—,,,
5521,工信,強勢噴出,外資連買,10.35,1.97,422,0,422,844,1,0,-1231,0,-1231,10.36,10.42,10.78,否,否,否,否,否,否,—,,,
2308,台達電,強勢噴出,外資連買,1890.0,1.89,528,-123,528,933,1,0,-3482,343,-3482,1880.0,1986.5,2124.75,否,否,否,否,否,否,—,,,
8271,宇瞻,強勢噴出,外資連買,181.5,4.61,386,0,386,772,1,0,-848,269,-848,180.0,194.38,217.32,否,否,是,否,否,否,KD黃金交叉,,,
2365,昆盈,強勢噴出,外資連買,32.7,2.67,384,0,384,768,1,0,-97,0,-97,32.31,33.34,35.18,否,否,否,否,否,否,—,,,
3047,訊舟,強勢噴出,外資連買,15.95,2.24,381,0,381,762,1,0,-25,0,-25,,,,,,,,,,—,,,
2351,順德,強勢噴出,外資連買,200.5,3.08,360,0,360,720,1,0,466,806,466,,,,,,,,,,—,,,
1608,華榮,強勢噴出,外資連買,33.55,2.6,342,-1,342,683,1,0,-4057,241,-4057,,,,,,,,,,—,,,
6753,龍德造船,趨勢持續,外資連買,156.0,0.97,282,0,282,564,1,0,-1270,0,-1270,,,,,,,,,,—,,,
2421,建準,強勢噴出,外資連買,139.0,4.12,309,-4,309,614,1,0,-1283,232,-1283,,,,,,,,,,—,,,
2882,國泰金,強勢噴出,外資連買,96.6,0.52,2215,-1529,2215,2901,1,0,-4802,-2741,-4802,,,,,,,,,,—,,,
1308,亞聚,強勢噴出,外資連買,14.95,2.75,320,0,320,640,1,0,-157,0,-157,,,,,,,,,,—,,,
5608,四維航,趨勢持續,外資連買,14.45,2.48,297,0,297,594,1,0,-359,0,-359,,,,,,,,,,—,,,
9919,康那香,趨勢持續,外資連買,13.9,2.21,300,0,300,600,1,0,244,0,244,,,,,,,,,,—,,,
2349,錸德,低位啟動,外資連買,12.15,1.67,287,0,287,574,1,0,-4431,0,-4431,,,,,,,,,,—,,,
9103,美德醫療-DR,趨勢持續,外資連買,5.11,4.5,286,0,286,572,1,0,-239,0,-239,,,,,,,,,,—,,,
2548,華固,強勢噴出,外資連買,101.5,2.22,459,-4,459,914,1,0,-2338,-4,-2338,,,,,,,,,,—,,,
5258,虹堡,趨勢持續,外資連買,54.6,4.0,268,0,268,536,1,0,587,0,587,,,,,,,,,,—,,,
1305,華夏,趨勢持續,外資連買,13.0,2.36,265,0,265,530,1,0,-2216,0,-2216,,,,,,,,,,—,,,
2392,正崴,趨勢持續,外資連買,36.55,2.38,198,-1,198,395,1,0,-1818,-4,-1818,,,,,,,,,,—,,,
2374,佳能,低位啟動,外資連買,72.8,0.69,285,0,285,570,1,0,48,-2,48,,,,,,,,,,—,,,
8215,明基材,趨勢持續,外資連買,27.4,3.59,250,0,250,500,1,0,-805,0,-805,,,,,,,,,,—,,,
2017,官田鋼,低位啟動,外資連買,9.11,1.45,253,0,253,506,1,0,124,0,124,,,,,,,,,,—,,,
2009,第一銅,趨勢持續,外資連買,38.65,2.25,247,0,247,494,1,0,-576,0,-576,38.18,38.82,39.3,否,否,否,否,否,否,—,,,
6691,洋基工程,強勢噴出,外資連買,753.0,6.81,213,-4,213,422,1,0,-764,233,-764,721.2,741.85,679.28,否,是,是,否,否,否,KD黃金交叉,,,
1532,勤美,趨勢持續,外資連買,23.35,3.09,223,0,223,446,1,0,-40,0,-40,22.99,23.15,21.9,否,否,是,否,否,是,KD黃金交叉、爆量長紅,,,
2527,宏璟,強勢噴出,外資連買,45.05,7.9,191,0,191,382,1,0,1488,0,1488,43.27,41.12,37.02,是,是,否,否,是,否,均線多頭、布林突破,,,
6901,鑽石投資,趨勢持續,外資連買,19.25,2.39,199,0,199,398,1,0,-1136,0,-1136,19.72,18.29,15.42,是,是,否,否,否,否,均線多頭,,,
1609,大亞,低位啟動,外資連買,39.25,1.55,143,-9,143,277,1,0,-6446,-12,-6446,39.32,38.65,36.55,是,是,否,否,否,否,均線多頭,,,
6944,兆聯實業,強勢噴出,外資連買,1035.0,5.08,178,0,178,356,1,0,364,-19,364,1000.8,1002.8,955.23,否,是,否,是,否,否,MACD翻多,,,
4155,訊映,強勢噴出,外資連買,16.15,3.53,203,0,203,406,1,0,201,0,201,15.74,15.3,14.53,是,是,是,否,是,否,均線多頭、KD黃金交叉、布林突破,,,
6189,豐藝,低位啟動,外資連買,49.6,1.85,196,0,196,392,1,0,238,-4,238,49.96,52.05,50.78,否,否,否,否,否,否,—,,,
2543,皇昌,趨勢持續,外資連買,39.55,2.2,235,0,235,470,1,0,930,-2,930,39.1,40.29,43.58,否,否,否,否,否,否,—,,,
8222,寶一,低位啟動,外資連買,41.95,1.57,177,0,177,354,1,0,-237,0,-237,41.07,38.71,37.0,是,是,否,否,否,否,均線多頭,,,
3058,立德,趨勢持續,外資連買,9.2,2.11,179,0,179,358,1,0,-541,0,-541,9.2,9.3,8.97,否,否,否,否,否,否,—,,,
2107,厚生,低位啟動,外資連買,26.0,0.0,178,0,178,356,1,0,236,0,236,25.83,25.66,25.68,否,是,否,否,否,否,—,,,
2413,環科,趨勢持續,外資連買,45.15,2.61,168,0,168,336,1,0,-1386,0,-1386,45.3,49.61,49.58,否,否,是,否,否,否,KD黃金交叉,,,
3030,德律,趨勢持續,外資連買,302.0,3.6,135,-3,135,267,1,0,-1111,-2,-1111,299.2,320.7,354.27,否,否,是,否,否,否,KD黃金交叉,,,
6438,迅得,強勢噴出,外資連買,154.0,5.12,136,0,136,272,1,0,-284,0,-284,151.0,155.28,163.71,否,是,否,否,否,否,—,,,
0061,元大寶滬深,低位啟動,外資連買,25.33,1.32,62,0,62,124,1,0,52,0,52,25.0,25.29,24.93,否,是,是,否,否,否,KD黃金交叉,,,
7740,熙特爾-創,強勢噴出,外資連買,163.0,9.76,163,0,163,326,1,0,230,0,230,152.0,152.62,168.07,否,否,否,否,否,是,爆量長紅,,,
5533,皇鼎,低位啟動,外資連買,13.8,1.47,159,0,159,318,1,0,86,0,86,13.72,13.96,14.04,否,否,否,否,否,否,—,,,
6550,北極星藥業-KY,趨勢持續,外資連買,12.5,2.04,166,0,166,332,1,0,-1284,0,-1284,12.74,13.18,15.0,否,否,否,否,否,否,—,,,
1337,再生-KY,低位啟動,外資連買,5.05,1.81,115,0,115,230,1,0,10,0,10,5.08,5.06,5.01,是,是,否,否,否,否,均線多頭,,,
2032,新鋼,低位啟動,外資連買,16.3,1.56,155,0,155,310,1,0,-166,0,-166,16.26,16.85,16.92,否,否,是,否,否,否,KD黃金交叉,,,
6141,柏承,強勢噴出,外資連買,39.8,9.94,147,0,147,294,1,0,-538,0,-538,37.72,37.52,35.57,是,是,否,否,否,否,均線多頭,,,
5515,建國,趨勢持續,外資連買,41.95,2.07,120,-1,120,239,1,0,342,-135,342,,,,,,,,,,—,,,
9938,百和,低位啟動,外資連買,46.3,1.76,136,0,136,272,1,0,1220,-17,1220,,,,,,,,,,—,,,
1227,佳格,低位啟動,外資連買,30.1,0.84,143,0,143,286,1,0,88,-3,88,,,,,,,,,,—,,,
2832,台產,趨勢持續,外資連買,57.2,2.33,148,0,148,296,1,0,92,-4,92,,,,,,,,,,—,,,
8341,日友,低位啟動,外資連買,76.2,1.33,148,0,148,296,1,0,132,0,132,,,,,,,,,,—,,,
1436,華友聯,低位啟動,外資連買,44.9,1.01,140,0,140,280,1,0,-74,0,-74,,,,,,,,,,—,,,
8213,志超,趨勢持續,外資連買,34.25,2.54,158,0,158,316,1,0,-1034,0,-1034,,,,,,,,,,—,,,
2397,友通,低位啟動,外資連買,58.5,1.92,136,0,136,272,1,0,139,0,139,,,,,,,,,,—,,,
3545,敦泰,低位啟動,外資連買,53.9,1.32,140,0,140,280,1,0,-554,0,-554,,,,,,,,,,—,,,
4746,台耀,趨勢持續,外資連買,53.9,3.06,129,0,129,258,1,0,-126,0,-126,,,,,,,,,,—,,,
2204,中華,低位啟動,外資連買,57.6,0.35,100,-3,100,197,1,0,-439,37,-439,,,,,,,,,,—,,,
3543,州巧,趨勢持續,外資連買,31.8,2.09,125,0,125,250,1,0,-893,0,-893,,,,,,,,,,—,,,
8011,台通,低位啟動,外資連買,17.05,1.79,121,0,121,242,1,0,-902,0,-902,,,,,,,,,,—,,,
2614,東森,低位啟動,外資連買,18.4,1.66,119,0,119,238,1,0,-99,0,-99,,,,,,,,,,—,,,
1417,嘉裕,低位啟動,外資連買,8.8,1.97,126,0,126,252,1,0,16,0,16,,,,,,,,,,—,,,
2504,國產,趨勢持續,外資連買,31.05,2.48,95,-14,95,176,1,0,-3572,-24,-3572,,,,,,,,,,—,,,
1524,耿鼎,低位啟動,外資連買,27.7,0.73,121,0,121,242,1,0,-482,0,-482,,,,,,,,,,—,,,
4582,聚恆-創,趨勢持續,外資連買,27.6,2.6,122,0,122,244,1,0,80,0,80,,,,,,,,,,—,,,
2852,第一保,低位啟動,外資連買,27.0,0.93,111,0,111,222,1,0,337,0,337,,,,,,,,,,—,,,
2364,倫飛,低位啟動,外資連買,70.0,1.45,109,0,109,218,1,0,69,0,69,,,,,,,,,,—,,,
2390,云辰,趨勢持續,外資連買,12.1,2.98,111,0,111,222,1,0,-567,0,-567,12.32,12.31,11.17,是,是,否,否,否,否,均線多頭,,,
6869,雲豹能源,低位啟動,外資連買,69.8,1.01,129,0,129,258,1,0,11,0,11,70.46,73.1,80.02,否,否,否,否,否,否,—,,,
2022,聚亨,低位啟動,外資連買,7.89,0.9,130,0,130,260,1,0,-711,0,-711,7.95,7.87,7.93,否,是,否,否,否,否,—,,,
1231,聯華食,趨勢持續,外資連買,88.2,2.8,112,0,112,224,1,0,-560,-2,-560,86.72,87.53,87.05,否,否,是,否,否,否,KD黃金交叉,,,
2362,藍天,低位啟動,外資連買,42.1,1.32,118,-6,118,230,1,0,-619,-6,-619,42.47,43.87,42.59,否,否,否,否,否,否,—,,,
1713,國化,低位啟動,外資連買,48.4,1.89,105,0,105,210,1,0,-261,0,-261,47.85,49.27,48.47,否,否,否,否,否,否,—,,,
2762,世界健身-KY,趨勢持續,外資連買,84.8,4.43,102,0,102,204,1,0,-30,0,-30,82.46,83.28,81.14,否,否,是,否,否,否,KD黃金交叉,,,
6923,中台,趨勢持續,外資連買,80.2,3.89,67,0,67,134,1,0,-96,0,-96,77.72,76.87,79.52,否,否,否,否,否,否,—,,,
1108,幸福,低位啟動,外資連買,13.7,1.48,89,0,89,178,1,0,-685,0,-685,13.68,13.8,13.99,否,否,否,否,否,否,—,,,
2611,志信,低位啟動,外資連買,14.35,0.7,87,0,87,174,1,0,279,0,279,14.42,14.0,13.66,是,是,否,否,否,否,均線多頭,,,
2029,盛餘,低位啟動,外資連買,20.5,1.23,88,0,88,176,1,0,98,0,98,20.66,20.74,20.54,否,否,否,否,否,否,—,,,
2419,仲琦,低位啟動,外資連買,27.3,1.68,90,0,90,180,1,0,-432,-1,-432,27.51,28.27,30.0,否,否,否,否,否,否,—,,,
3501,維熹,趨勢持續,外資連買,40.9,2.0,92,0,92,184,1,0,-146,0,-146,40.5,40.92,42.65,否,否,是,否,否,否,KD黃金交叉,,,
5607,遠雄港,趨勢持續,外資連買,51.0,2.62,97,0,97,194,1,0,63,-1,63,50.88,51.11,50.17,否,否,否,否,否,否,—,,,
1201,味全,低位啟動,外資連買,12.55,0.0,75,0,75,150,1,0,-272,0,-272,12.52,12.45,12.41,是,是,否,否,否,否,均線多頭,,,
2506,太設,低位啟動,外資連買,8.95,1.13,80,0,80,160,1,0,-420,0,-420,8.9,8.88,8.81,是,否,否,是,否,否,均線多頭、MACD翻多,,,
2546,根基,趨勢持續,外資連買,95.7,2.03,53,0,53,106,1,0,13,0,13,93.28,93.8,89.03,否,否,是,否,否,否,KD黃金交叉,,,
1218,泰山,低位啟動,外資連買,16.25,1.56,74,0,74,148,1,0,-863,0,-863,16.48,17.42,18.38,否,否,否,否,否,否,—,,,
2612,中航,低位啟動,外資連買,54.7,1.86,76,0,76,152,1,0,68,0,68,54.36,53.53,55.3,否,否,否,否,否,否,—,,,
1451,年興,低位啟動,外資連買,17.3,1.47,80,0,80,160,1,0,124,0,124,17.2,17.06,16.86,是,是,否,否,否,否,均線多頭,,,
2616,山隆,低位啟動,外資連買,13.6,0.74,80,0,80,160,1,0,-58,0,-58,13.57,13.57,13.8,否,否,否,否,否,否,—,,,
6589,台康生技,低位啟動,外資連買,47.3,1.5,83,0,83,166,1,0,-1534,0,-1534,48.43,47.85,45.71,是,是,否,否,否,否,均線多頭,,,
4912,聯德控股-KY,趨勢持續,外資連買,87.0,2.47,76,0,76,152,1,0,-47,0,-47,86.92,87.26,92.9,否,否,是,否,否,否,KD黃金交叉,,,
6216,居易,低位啟動,外資連買,22.65,0.89,78,0,78,156,1,0,-117,0,-117,22.76,22.87,23.21,否,是,否,否,否,否,—,,,
6108,競國,低位啟動,外資連買,17.75,1.72,92,0,92,184,1,0,-354,0,-354,18.06,18.57,19.19,否,否,否,否,否,否,—,,,
2431,聯昌,趨勢持續,外資連買,11.05,2.31,70,0,70,140,1,0,-15,0,-15,11.17,11.46,11.01,否,是,否,否,否,否,—,,,
2062,橋椿,低位啟動,外資連買,19.2,0.79,75,0,75,150,1,0,-51,0,-51,19.2,19.11,19.62,否,是,否,否,否,否,—,,,
4133,亞諾法,低位啟動,外資連買,20.45,1.49,73,0,73,146,1,0,29,0,29,20.57,20.66,21.13,否,否,否,否,否,否,—,,,
1587,吉茂,低位啟動,外資連買,26.4,0.96,72,0,72,144,1,0,-95,0,-95,26.64,27.42,29.52,否,否,否,否,否,否,—,,,
2538,基泰,低位啟動,外資連買,9.81,0.72,72,0,72,144,1,0,-302,0,-302,9.82,9.92,9.81,否,否,否,否,否,否,—,,,
8163,達方,趨勢持續,外資連買,35.85,3.61,67,0,67,134,1,0,596,0,596,,,,,,,,,,—,,,
4755,三福化,趨勢持續,外資連買,137.0,4.58,80,0,80,160,1,0,-23,0,-23,,,,,,,,,,—,,,
3050,鈺德,趨勢持續,外資連買,12.15,2.97,65,0,65,130,1,0,-982,0,-982,,,,,,,,,,—,,,
6606,建德工業,趨勢持續,外資連買,26.2,3.97,76,0,76,152,1,0,92,0,92,,,,,,,,,,—,,,
2395,研華,趨勢持續,外資連買,533.0,0.76,46,-38,46,54,1,0,782,117,782,,,,,,,,,,—,,,
6937,天虹,趨勢持續,外資連買,262.5,4.17,38,0,38,76,1,0,-137,0,-137,,,,,,,,,,—,,,
2816,旺旺保,趨勢持續,外資連買,34.75,2.06,62,0,62,124,1,0,-22,0,-22,,,,,,,,,,—,,,
6112,邁達特,低位啟動,外資連買,43.65,0.23,64,0,64,128,1,0,116,0,116,,,,,,,,,,—,,,
4560,強信-KY,低位啟動,外資連買,34.0,1.49,67,0,67,134,1,0,18,0,18,,,,,,,,,,—,,,
3686,達能,低位啟動,外資連買,16.2,0.31,60,0,60,120,1,0,-225,0,-225,,,,,,,,,,—,,,
5283,禾聯碩,低位啟動,外資連買,54.0,1.31,60,0,60,120,1,0,-6,0,-6,,,,,,,,,,—,,,
2613,中櫃,趨勢持續,外資連買,21.8,2.11,60,0,60,120,1,0,160,0,160,,,,,,,,,,—,,,
2115,六暉-KY,低位啟動,外資連買,21.9,1.62,58,0,58,116,1,0,62,0,62,,,,,,,,,,—,,,
1236,宏亞,趨勢持續,外資連買,23.55,2.61,54,0,54,108,1,0,-9,0,-9,,,,,,,,,,—,,,
6136,富爾特,低位啟動,外資連買,24.25,0.0,57,0,57,114,1,0,102,0,102,,,,,,,,,,—,,,
2461,光群雷,低位啟動,外資連買,16.9,1.81,83,0,83,166,1,0,-491,0,-491,,,,,,,,,,—,,,
4440,宜新實業,低位啟動,外資連買,17.55,1.74,52,0,52,104,1,0,-7,0,-7,,,,,,,,,,—,,,
4441,振大環球,趨勢持續,外資連買,180.0,0.28,55,0,55,110,1,0,17,0,17,,,,,,,,,,—,,,
1474,弘裕,低位啟動,外資連買,10.55,1.44,75,0,75,150,1,0,-26,0,-26,10.46,10.36,10.15,是,是,否,否,否,否,均線多頭,,,
2038,海光,低位啟動,外資連買,13.15,1.94,51,0,51,102,1,0,-98,0,-98,13.11,13.43,13.77,否,否,否,否,否,否,—,,,
3530,晶相光,低位啟動,外資連買,61.4,1.66,55,0,55,110,1,0,-343,0,-343,63.16,68.21,66.89,否,否,否,否,否,否,—,,,
4164,承業醫,低位啟動,外資連買,27.7,1.28,71,0,71,142,1,0,-450,0,-450,28.35,29.47,29.44,否,否,否,否,否,否,—,,,
2248,華勝-KY,強勢噴出,外資連買,66.0,7.49,63,0,63,126,1,0,67,0,67,60.1,57.08,56.29,是,是,否,否,是,是,均線多頭、布林突破、爆量長紅,,,
3011,今皓,低位啟動,外資連買,12.65,0.8,50,0,50,100,1,0,-1021,0,-1021,12.91,13.94,13.84,否,否,否,否,否,否,—,,,
3356,奇偶,低位啟動,外資連買,60.3,0.33,80,0,80,160,1,0,-80,0,-80,60.1,60.38,58.98,否,是,否,否,否,否,—,,,
9927,泰銘,低位啟動,外資連買,69.8,0.87,53,0,53,106,1,0,42,0,42,68.98,69.03,68.67,否,否,否,是,否,否,MACD翻多,,,
6192,巨路,低位啟動,外資連買,120.5,1.69,52,-1,52,103,1,0,137,-1,137,119.8,119.95,123.23,否,否,是,否,否,否,KD黃金交叉,,,
6863,永道-KY,低位啟動,外資連買,104.0,0.97,49,0,49,98,1,0,-49,0,-49,99.24,94.66,101.86,否,是,否,否,是,否,布林突破,,,
3040,遠見,低位啟動,外資連買,38.0,1.33,50,0,50,100,1,0,106,-1,106,37.74,37.92,39.9,否,是,否,否,否,否,—,,,
3041,揚智,趨勢持續,外資連買,26.4,2.92,47,0,47,94,1,0,-1449,0,-1449,26.19,27.98,25.72,否,是,是,否,否,否,KD黃金交叉,,,
4545,銘鈺,低位啟動,外資連買,35.05,0.14,47,0,47,94,1,0,-183,0,-183,36.44,37.31,34.68,否,是,否,否,否,否,—,,,
8499,鼎炫-KY,強勢噴出,外資連買,302.0,5.23,50,0,50,100,1,0,32,0,32,295.3,304.48,292.6,否,是,否,否,否,是,爆量長紅,,,
8249,菱光,低位啟動,外資連買,47.25,0.85,54,0,54,108,1,0,-2,0,-2,47.04,49.03,50.61,否,否,是,否,否,否,KD黃金交叉,,,
9955,佳龍,趨勢持續,外資連買,25.1,2.45,47,0,47,94,1,0,-306,0,-306,25.56,26.45,27.99,否,否,否,否,否,否,—,,,
2342,茂矽,強勢噴出,外資連買,48.7,5.98,47,0,47,94,1,0,-1670,0,-1670,49.27,53.31,44.04,否,是,否,否,否,否,—,,,
1618,合機,低位啟動,外資連買,38.5,1.58,48,0,48,96,1,0,-1359,0,-1359,38.87,40.75,40.51,否,否,否,否,否,否,—,,,
1432,大魯閣,低位啟動,外資連買,15.25,0.66,47,0,47,94,1,0,-10,0,-10,15.18,15.76,16.41,否,否,否,否,否,否,—,,,
1526,日馳,低位啟動,外資連買,14.3,0.7,46,0,46,92,1,0,-3,0,-3,14.31,14.41,14.99,否,否,否,否,否,否,—,,,
6776,展碁國際,趨勢持續,外資連買,55.4,2.03,44,0,44,88,1,0,50,0,50,55.08,55.84,57.74,否,否,否,否,否,否,—,,,
7803,雲象科技-創,趨勢持續,外資連買,22.95,2.0,58,0,58,116,1,0,-82,0,-82,22.7,22.92,25.83,否,否,否,否,否,否,—,,,
6504,南六,趨勢持續,外資連買,36.7,2.23,44,0,44,88,1,0,25,0,25,36.09,36.1,37.59,否,是,否,否,是,否,布林突破,,,
1539,巨庭,低位啟動,外資連買,15.85,1.28,47,0,47,94,1,0,13,0,13,15.79,15.75,15.89,否,是,否,否,否,否,—,,,
1712,興農,低位啟動,外資連買,39.5,0.25,53,-4,53,102,1,0,-101,-16,-101,39.46,39.47,40.31,否,否,否,否,否,否,—,,,
6689,伊雲谷,低位啟動,外資連買,63.7,1.76,44,0,44,88,1,0,75,0,75,63.68,64.71,67.53,否,否,否,否,否,否,—,,,
2748,雲品,趨勢持續,外資連買,40.3,2.28,45,0,45,90,1,0,49,0,49,39.69,39.88,39.88,否,否,是,是,否,否,KD黃金交叉、MACD翻多,,,
2459,敦吉,低位啟動,外資連買,64.4,0.62,45,0,45,90,1,0,-18,0,-18,63.98,64.12,66.31,否,否,否,否,否,否,—,,,
2387,精元,低位啟動,外資連買,38.95,1.43,52,0,52,104,1,0,-653,-7,-653,39.27,39.66,40.28,否,否,否,否,否,否,—,,,
2450,神腦,低位啟動,外資連買,29.0,0.52,43,0,43,86,1,0,27,0,27,28.86,29.05,29.65,否,否,否,是,否,否,MACD翻多,,,
1321,大洋,趨勢持續,外資連買,31.85,2.08,39,0,39,78,1,0,-15,0,-15,31.44,31.36,30.46,是,是,否,否,否,否,均線多頭,,,
3669,圓展,趨勢持續,外資連買,35.35,2.17,39,0,39,78,1,0,-9,0,-9,34.97,34.99,37.42,否,否,否,否,否,否,—,,,
6277,宏正,低位啟動,外資連買,74.3,0.27,41,0,41,82,1,0,-81,0,-81,72.78,71.3,72.8,否,否,否,否,否,否,—,,,
6838,台新藥,趨勢持續,外資連買,24.2,2.54,33,0,33,66,1,0,34,0,34,24.05,24.24,25.64,否,否,否,否,否,否,—,,,
2109,華豐,低位啟動,外資連買,14.75,1.03,34,0,34,68,1,0,-18,0,-18,14.73,14.66,14.37,是,是,否,否,否,否,均線多頭,,,
3038,全台,低位啟動,外資連買,21.25,1.92,27,0,27,54,1,0,-389,0,-389,,,,,,,,,,—,,,
5225,東科-KY,低位啟動,外資連買,72.7,1.68,50,0,50,100,1,0,-82,0,-82,,,,,,,,,,—,,,
2211,長榮鋼,低位啟動,外資連買,95.5,0.42,37,-5,37,69,1,0,-498,-10,-498,,,,,,,,,,—,,,
6756,威鋒電子,趨勢持續,外資連買,101.0,4.02,37,0,37,74,1,0,-50,0,-50,,,,,,,,,,—,,,
1471,首利,低位啟動,外資連買,10.2,1.49,31,0,31,62,1,0,-306,0,-306,,,,,,,,,,—,,,
6614,資拓宏宇,低位啟動,外資連買,39.25,0.0,34,0,34,68,1,0,-8,0,-8,,,,,,,,,,—,,,
8045,達運光電,趨勢持續,外資連買,57.5,2.68,36,0,36,72,1,0,30,0,30,,,,,,,,,,—,,,
4557,永新-KY,趨勢持續,外資連買,50.5,3.06,37,0,37,74,1,0,23,0,23,,,,,,,,,,—,,,
2480,敦陽科,趨勢持續,外資連買,161.0,1.58,34,0,34,68,1,0,255,-2,255,,,,,,,,,,—,,,
2477,美隆電,低位啟動,外資連買,21.4,1.42,34,0,34,68,1,0,-104,-4,-104,,,,,,,,,,—,,,
2033,佳大,低位啟動,外資連買,15.0,0.0,25,0,25,50,1,0,1,0,1,,,,,,,,,,—,,,
4552,力達-KY,趨勢持續,外資連買,19.65,2.61,25,0,25,50,1,0,-150,0,-150,,,,,,,,,,—,,,
6657,華安,趨勢持續,外資連買,35.0,4.17,35,0,35,70,1,0,-1,0,-1,,,,,,,,,,—,,,
5203,訊連,低位啟動,外資連買,67.9,1.8,30,0,30,60,1,0,-69,0,-69,,,,,,,,,,—,,,
2444,兆勁,趨勢持續,外資連買,12.1,3.86,25,0,25,50,1,0,-616,0,-616,,,,,,,,,,—,,,
6230,尼得科超眾,趨勢持續,外資連買,121.0,3.42,31,0,31,62,1,0,8,0,8,,,,,,,,,,—,,,
3504,揚明光,趨勢持續,外資連買,69.2,2.98,34,0,34,68,1,0,-583,0,-583,,,,,,,,,,—,,,
6931,青松健康,低位啟動,外資連買,39.55,0.76,32,0,32,64,1,0,25,0,25,,,,,,,,,,—,,,
1737,臺鹽,低位啟動,外資連買,32.05,0.47,26,0,26,52,1,0,2,0,2,,,,,,,,,,—,,,
4414,如興,低位啟動,外資連買,8.58,1.3,39,0,39,78,1,0,63,0,63,,,,,,,,,,—,,,
4720,德淵,低位啟動,外資連買,22.35,1.59,26,0,26,52,1,0,-822,-1,-822,,,,,,,,,,—,,,
1449,佳和,趨勢持續,外資連買,13.8,2.22,27,0,27,54,1,0,-399,0,-399,,,,,,,,,,—,,,
8072,陞泰,趨勢持續,外資連買,28.5,2.15,26,0,26,52,1,0,-149,0,-149,28.54,29.29,28.61,否,是,是,否,否,否,KD黃金交叉,,,
4137,麗豐-KY,低位啟動,外資連買,96.3,1.8,29,-1,29,57,1,0,-87,-4,-87,95.64,103.6,105.55,否,否,是,否,否,否,KD黃金交叉,,,
6934,心誠鎂,趨勢持續,外資連買,81.5,4.49,26,0,26,52,1,0,57,0,57,78.44,70.21,74.6,否,是,否,否,是,否,布林突破,,,
3023,信邦,趨勢持續,外資連買,321.5,2.23,21,-1,21,41,1,0,-1582,43,-1582,321.1,323.15,309.16,否,是,否,否,否,否,—,,,
4108,懷特,趨勢持續,外資連買,12.15,2.53,24,0,24,48,1,0,-68,0,-68,12.0,12.06,12.17,否,否,否,否,否,否,—,,,
3716,中化控股,低位啟動,外資連買,34.8,0.58,26,0,26,52,1,0,50,0,50,34.98,34.95,34.25,是,是,否,否,否,否,均線多頭,,,
2114,鑫永銓,低位啟動,外資連買,89.5,1.02,26,0,26,52,1,0,13,0,13,89.38,89.36,89.57,否,是,否,是,否,否,MACD翻多,,,
5706,鳳凰,低位啟動,外資連買,46.8,0.97,27,0,27,54,1,0,90,0,90,46.93,49.49,50.66,否,否,否,否,否,否,—,,,
6695,芯鼎,強勢噴出,外資連買,57.6,9.92,23,0,23,46,1,0,-582,0,-582,54.54,58.36,53.59,否,是,是,否,否,是,KD黃金交叉、爆量長紅,,,
2453,凌群,低位啟動,外資連買,53.4,0.56,24,0,24,48,1,0,-246,0,-246,54.28,55.94,56.34,否,否,否,否,否,否,—,,,
2430,燦坤,低位啟動,外資連買,18.0,0.28,27,0,27,54,1,0,-236,0,-236,18.0,18.2,18.94,否,否,否,否,否,否,—,,,
1323,永裕,低位啟動,外資連買,20.05,0.5,23,0,23,46,1,0,1,0,1,20.18,19.95,20.06,否,是,否,否,否,否,—,,,
1598,岱宇,趨勢持續,外資連買,19.8,2.86,27,0,27,54,1,0,-5,0,-5,19.27,19.5,20.21,否,否,否,是,否,否,MACD翻多,,,
1535,中宇,低位啟動,外資連買,50.3,0.8,24,0,24,48,1,0,1,0,1,50.03,50.07,50.13,否,是,是,否,否,否,KD黃金交叉,,,
8473,山林水,趨勢持續,外資連買,45.15,3.79,21,0,21,42,1,0,-31,0,-31,44.95,48.19,44.04,否,否,是,否,否,否,KD黃金交叉,,,
3588,通嘉,低位啟動,外資連買,62.6,1.79,10,0,10,20,1,0,-185,0,-185,64.7,67.03,63.17,否,是,否,否,否,否,—,,,
6625,必應,低位啟動,外資連買,78.3,0.38,25,0,25,50,1,0,4,0,4,78.9,78.72,75.47,是,是,否,否,否,否,均線多頭,,,
1465,偉全,低位啟動,外資連買,13.0,0.78,17,0,17,34,1,0,8,0,8,12.86,12.75,12.43,是,是,否,否,否,否,均線多頭,,,
1805,寶徠,低位啟動,外資連買,10.15,1.6,30,0,30,60,1,0,-62,0,-62,10.06,10.26,10.4,否,否,否,否,否,否,—,,,
6128,上福,低位啟動,外資連買,20.45,1.74,22,0,22,44,1,0,-39,0,-39,20.26,20.49,20.27,否,否,是,否,否,否,KD黃金交叉,,,
1530,亞崴,低位啟動,外資連買,29.45,0.34,1,0,1,2,1,0,-22,0,-22,29.03,29.28,29.1,否,否,否,是,否,否,MACD翻多,,,
1531,高林股,低位啟動,外資連買,13.1,0.77,18,0,18,36,1,0,-64,0,-64,13.04,12.96,12.82,是,是,否,否,否,否,均線多頭,,,
3043,科風,趨勢持續,外資連買,22.4,2.75,15,0,15,30,1,0,-24,0,-24,22.1,22.58,21.66,否,否,否,否,否,否,—,,,
8466,美吉吉-KY,趨勢持續,外資連買,17.3,2.67,20,0,20,40,1,0,5,0,5,17.32,16.64,16.02,是,是,否,否,否,否,均線多頭,,,
4195,基米-創,低位啟動,外資連買,16.9,0.3,44,0,44,88,1,0,-132,0,-132,17.29,16.31,20.12,否,是,否,否,否,否,—,,,
6873,泓德能源,低位啟動,外資連買,87.3,1.99,17,0,17,34,1,0,81,0,81,87.76,83.61,86.91,否,是,否,否,否,否,—,,,
7821,神數,低位啟動,外資連買,40.8,0.87,21,0,21,42,1,0,-8,0,-8,40.78,42.17,44.27,否,否,否,否,否,否,—,,,
4935,茂林-KY,趨勢持續,外資連買,36.4,2.25,15,0,15,30,1,0,-46,0,-46,36.06,37.52,37.93,否,否,否,否,否,否,—,,,
9902,台火,趨勢持續,外資連買,13.95,2.57,19,0,19,38,1,0,-56,0,-56,,,,,,,,,,—,,,
6902,GOGOLOOK,趨勢持續,外資連買,133.0,2.31,18,0,18,36,1,0,-12,0,-12,,,,,,,,,,—,,,
1537,廣隆,低位啟動,外資連買,126.5,0.8,19,0,19,38,1,0,-12,0,-12,,,,,,,,,,—,,,
2432,倚天酷碁-創,趨勢持續,外資連買,28.8,2.49,29,0,29,58,1,0,23,0,23,,,,,,,,,,—,,,
1725,元禎,趨勢持續,外資連買,30.2,2.72,22,0,22,44,1,0,-212,0,-212,,,,,,,,,,—,,,
1423,利華,低位啟動,外資連買,37.1,1.09,22,0,22,44,1,0,21,0,21,,,,,,,,,,—,,,
1416,廣豐,低位啟動,外資連買,11.25,0.45,15,0,15,30,1,0,14,0,14,,,,,,,,,,—,,,
5244,弘凱,低位啟動,外資連買,33.1,0.91,13,0,13,26,1,0,74,0,74,,,,,,,,,,—,,,
7765,中華資安,趨勢持續,外資連買,222.5,0.68,14,0,14,28,1,0,-15,0,-15,,,,,,,,,,—,,,
5907,大洋-KY,低位啟動,外資連買,4.95,1.43,14,0,14,28,1,0,-306,0,-306,,,,,,,,,,—,,,
2247,汎德永業,趨勢持續,外資連買,230.0,0.22,14,0,14,28,1,0,-2,-1,-2,,,,,,,,,,—,,,
9906,欣巴巴,低位啟動,外資連買,40.85,1.36,21,0,21,42,1,0,-67,0,-67,,,,,,,,,,—,,,
1762,中化生,低位啟動,外資連買,37.6,0.67,14,0,14,28,1,0,-343,0,-343,,,,,,,,,,—,,,
6916,華凌,強勢噴出,外資連買,20.75,6.41,15,0,15,30,1,0,-41,0,-41,,,,,,,,,,—,,,
6666,羅麗芬-KY,低位啟動,外資連買,45.0,1.58,13,0,13,26,1,0,15,0,15,,,,,,,,,,—,,,
6552,易華電,低位啟動,外資連買,28.2,1.99,16,0,16,32,1,0,-282,0,-282,,,,,,,,,,—,,,
3057,喬鼎,趨勢持續,外資連買,16.85,4.01,13,0,13,26,1,0,-192,0,-192,,,,,,,,,,—,,,
6969,成信實業*-創,低位啟動,外資連買,25.85,0.39,17,0,17,34,1,0,0,0,0,25.94,25.38,27.39,否,否,否,否,否,否,—,,,
6994,富威電力,低位啟動,外資連買,41.3,1.23,21,0,21,42,1,0,-681,0,-681,41.5,46.85,56.65,否,否,否,否,否,否,—,,,
6914,阜爾運通,低位啟動,外資連買,145.5,1.39,12,0,12,24,1,0,26,0,26,143.7,143.22,143.72,否,是,是,否,是,否,KD黃金交叉、布林突破,,,
1463,強盛新,低位啟動,外資連買,17.6,0.86,13,0,13,26,1,0,57,0,57,17.73,17.6,17.88,否,否,否,否,否,否,—,,,
8463,潤泰材,趨勢持續,外資連買,21.7,2.6,13,0,13,26,1,0,-90,0,-90,21.4,21.49,21.84,否,否,是,是,否,否,KD黃金交叉、MACD翻多,,,
1340,勝悅-KY,低位啟動,外資連買,5.33,0.76,26,0,26,52,1,0,-90,0,-90,5.43,5.51,5.62,否,否,否,否,否,否,—,,,
1338,廣華-KY,低位啟動,外資連買,16.55,1.85,10,0,10,20,1,0,-49,0,-49,16.62,16.94,16.51,否,否,否,否,否,否,—,,,
3557,嘉威,趨勢持續,外資連買,26.45,2.72,12,0,12,24,1,0,18,0,18,26.0,26.0,26.81,否,否,是,否,否,否,KD黃金交叉,,,
3164,景岳,低位啟動,外資連買,16.6,0.61,11,0,11,22,1,0,-17,0,-17,16.5,16.29,16.8,否,是,否,否,否,否,—,,,
4571,鈞興-KY,趨勢持續,外資連買,159.0,0.63,13,-1,13,25,1,0,-168,-1,-168,163.2,170.82,187.06,否,否,否,否,否,否,—,,,
1439,雋揚,趨勢持續,外資連買,24.8,3.77,13,0,13,26,1,0,12,0,12,24.14,24.32,25.43,否,否,否,否,否,否,—,,,
4994,傳奇,趨勢持續,外資連買,91.5,2.46,12,0,12,24,1,0,10,0,10,90.52,91.07,92.46,否,是,是,是,否,否,KD黃金交叉、MACD翻多,,,
1324,地球,低位啟動,外資連買,10.45,0.97,7,0,7,14,1,0,-27,0,-27,10.42,10.45,10.48,否,否,否,否,否,否,—,,,
9912,偉聯,低位啟動,外資連買,12.7,0.0,12,0,12,24,1,0,1,0,1,12.68,12.58,12.53,是,是,否,否,否,否,均線多頭,,,
2250,IKKA-KY,低位啟動,外資連買,64.0,0.16,15,0,15,30,1,0,-134,0,-134,64.72,64.52,63.47,是,是,否,否,否,否,均線多頭,,,
6431,光麗-KY,低位啟動,外資連買,18.4,0.27,8,0,8,16,1,0,-9,0,-9,18.3,18.53,19.39,否,否,否,否,否,否,—,,,
7760,享溫馨,低位啟動,外資連買,34.5,0.73,24,0,24,48,1,0,-81,0,-81,34.99,34.1,33.89,是,是,否,否,否,否,均線多頭,,,
6674,鋐寶科技,低位啟動,外資連買,16.05,1.9,8,0,8,16,1,0,-21,0,-21,16.49,17.06,17.71,否,否,否,否,否,否,—,,,
3622,洋華,低位啟動,外資連買,55.1,0.36,10,0,10,20,1,0,-197,0,-197,55.58,56.38,56.27,否,是,否,否,否,否,—,,,
5546,永固-KY,低位啟動,外資連買,16.55,1.85,7,0,7,14,1,0,0,0,0,16.28,16.51,16.56,否,否,否,否,否,否,—,,,
9911,櫻花,低位啟動,外資連買,83.9,0.12,12,-1,12,23,1,0,-117,-2,-117,83.8,83.47,83.12,是,否,否,否,否,否,均線多頭,,,
4569,六方科-KY,趨勢持續,外資連買,166.5,2.78,7,0,7,14,1,0,-66,0,-66,165.8,173.97,176.86,否,否,是,否,否,否,KD黃金交叉,,,
1339,昭輝,低位啟動,外資連買,44.35,0.34,8,0,8,16,1,0,-23,0,-23,44.6,44.25,42.79,是,是,否,否,否,否,均線多頭,,,
4190,佐登-KY,趨勢持續,外資連買,25.95,2.77,12,0,12,24,1,0,-8,0,-8,25.71,25.04,25.0,是,是,否,否,否,否,均線多頭,,,
1752,南光,低位啟動,外資連買,31.9,1.75,6,0,6,12,1,0,-81,0,-81,31.72,32.47,33.07,否,否,否,否,否,否,—,,,
1475,業旺,低位啟動,外資連買,27.25,1.49,5,0,5,10,1,0,4,0,4,27.15,27.22,26.87,否,是,否,否,否,否,—,,,
7711,永擎,趨勢持續,外資連買,317.5,0.95,3,0,3,6,1,0,-40,0,-40,312.7,330.0,369.88,否,否,否,是,否,否,MACD翻多,,,
3494,誠研,低位啟動,外資連買,7.74,1.04,5,0,5,10,1,0,-42,0,-42,,,,,,,,,,—,,,
8487,愛爾達-創,低位啟動,外資連買,76.1,0.26,3,0,3,6,1,0,6,0,6,,,,,,,,,,—,,,
8201,無敵,低位啟動,外資連買,12.55,0.4,9,0,9,18,1,0,-32,0,-32,,,,,,,,,,—,,,
1525,江申,低位啟動,外資連買,66.9,1.52,4,0,4,8,1,0,3,0,3,,,,,,,,,,—,,,
1418,東華,低位啟動,外資連買,18.75,0.54,3,0,3,6,1,0,-8,0,-8,,,,,,,,,,—,,,
6722,輝創,低位啟動,外資連買,34.4,1.78,7,0,7,14,1,0,7,0,7,,,,,,,,,,—,,,
6771,平和環保-創,低位啟動,外資連買,39.3,0.9,2,0,2,4,1,0,0,0,0,,,,,,,,,,—,,,
4564,元翎,低位啟動,外資連買,21.2,1.92,3,0,3,6,1,0,-1845,0,-1845,,,,,,,,,,—,,,
7795,長廣,強勢噴出,外資連買,592.0,6.86,11,0,11,22,1,0,-712,0,-712,,,,,,,,,,—,,,
5906,台南-KY,低位啟動,外資連買,38.0,0.0,2,0,2,4,1,0,1,0,1,,,,,,,,,,—,,,
2939,永邑-KY,低位啟動,外資連買,18.8,0.27,2,0,2,4,1,0,1,0,1,,,,,,,,,,—,,,
1453,大將,低位啟動,外資連買,11.25,1.35,5,0,5,10,1,0,-28,0,-28,,,,,,,,,,—,,,
1516,川飛,低位啟動,外資連買,17.8,1.71,1,0,1,2,1,0,-2,0,-2,,,,,,,,,,—,,,
5215,科嘉-KY,低位啟動,外資連買,40.9,0.0,2,0,2,4,1,0,-127,0,-127,,,,,,,,,,—,,,
7749,意騰-KY,趨勢持續,外資連買,401.0,2.04,2,0,2,4,1,0,-12,0,-12,,,,,,,,,,—,,,
7730,暉盛-創,趨勢持續,外資連買,179.0,1.13,22,0,22,44,1,0,-40,0,-40,,,,,,,,,,—,,,
4930,燦星網,低位啟動,外資連買,17.0,0.89,1,0,1,2,1,0,-41,0,-41,,,,,,,,,,—,,,
4581,光隆精密-KY,低位啟動,外資連買,50.7,0.4,1,0,1,2,1,0,0,0,0,,,,,,,,,,—,,,
3432,台端,趨勢持續,外資連買,17.95,2.57,1,0,1,2,1,0,-4,0,-4,,,,,,,,,,—,,,
7823,奧義賽博-KY創,低位啟動,外資連買,84.8,1.19,2,0,2,4,1,0,20,0,20,,,,,,,,,,—,,,
1512,瑞利,低位啟動,外資連買,6.86,1.63,2,0,2,4,1,0,-68,0,-68,,,,,,,,,,—,,,
2496,卓越,低位啟動,外資連買,61.1,0.16,1,0,1,2,1,0,-29,0,-29,,,,,,,,,,—,,,
2424,隴華,趨勢持續,外資連買,9.61,4.57,2,0,2,4,1,0,110,0,110,9.8,10.22,15.13,否,否,是,否,否,否,KD黃金交叉,,,
3229,晟鈦,低位啟動,外資連買,36.8,0.96,26,0,26,52,1,0,-10,0,-10,37.59,42.14,42.2,否,否,否,否,否,否,—,,,
6951,青新-創,趨勢持續,外資連買,73.6,2.36,6,0,6,12,1,0,1,0,1,74.98,77.34,79.73,否,否,否,否,否,否,—,,,
6988,威力暘-創,趨勢持續,外資連買,13.6,2.64,6,0,6,12,1,0,-10,0,-10,13.53,13.61,14.57,否,否,是,否,否,否,KD黃金交叉,,,
2535,達欣工,低位啟動,外資連買,88.1,0.46,1,-3,1,-1,1,0,-102,-4,-102,88.16,91.5,82.5,否,否,否,否,否,否,—,,,
3708,上緯投控,低位啟動,外資連買,102.5,1.49,4,-2,4,6,1,0,-357,99,-357,104.2,110.15,117.53,否,否,否,否,否,否,—,,,
2228,劍麟,低位啟動,外資連買,81.5,0.0,39,0,39,78,1,0,-41,0,-41,84.12,86.25,86.08,否,否,否,否,否,否,—,,,
3062,建漢,低位啟動,外資連買,23.25,0.22,20,0,20,40,1,0,-1445,0,-1445,23.6,24.63,26.81,否,否,否,否,否,否,—,,,
1104,環泥,低位啟動,外資連買,26.85,0.37,19,-1,19,37,1,0,-486,-5,-486,26.98,27.51,28.04,否,否,否,否,否,否,—,,,
1616,億泰,低位啟動,外資連買,20.65,0.24,29,0,29,58,1,0,-169,0,-169,21.51,22.25,22.27,否,否,否,否,否,否,—,,,
2356,英業達,低位啟動,外資連買,61.1,0.0,120,-320,120,-80,1,0,-34711,14576,-34711,65.1,66.14,60.64,否,否,否,否,否,否,—,,,
2887,台新新光金,強勢噴出,投信連買,36.15,1.97,-7176,8023,-7176,-6329,0,5,-16000,52962,-16000,,,,,,,,,,—,,,
3037,欣興,強勢噴出,投信連買,936.0,7.09,-2066,2539,-2066,-1593,0,5,-18493,8430,-18493,,,,,,,,,,—,,,
5434,崇越,趨勢持續,投信連買,556.0,1.09,-107,143,-107,-71,0,5,-1643,1818,-1643,,,,,,,,,,—,,,
2206,三陽工業,強勢噴出,投信連買,63.9,0.47,-216,253,-216,-179,0,5,-318,1045,-318,63.88,62.38,60.26,是,是,否,否,否,否,均線多頭,,,
6139,亞翔,強勢噴出,投信連買,895.0,7.31,-43,9,-43,-77,0,5,-3147,456,-3147,,,,,,,,,,—,,,
7769,鴻勁,強勢噴出,投信連買,6720.0,5.08,-57,53,-57,-61,0,5,-159,275,-159,6507.0,6740.0,6596.75,否,否,否,否,否,否,—,,,
2383,台光電,趨勢持續,投信連買,5080.0,2.21,-55,100,-55,-10,0,5,-41,389,-41,5157.0,5424.5,4983.83,否,是,否,否,否,否,—,,,
6526,達發,趨勢持續,投信連買,643.0,0.47,-71,34,-71,-108,0,5,-243,202,-243,655.8,674.05,659.55,否,是,否,否,否,否,—,,,
1477,聚陽,趨勢持續,投信連買,217.0,1.4,-452,15,-452,-889,0,5,-1044,868,-1044,221.9,221.35,220.16,是,否,否,否,否,否,均線多頭,,,
2542,興富發,強勢噴出,投信連買,43.45,0.12,-1823,500,-1823,-3146,0,5,-3905,2826,-3905,43.44,43.57,42.19,否,否,否,否,否,否,—,,,
8046,南電,強勢噴出,投信連買,1415.0,9.69,-3240,1563,-3240,-4917,0,5,-11573,11701,-11573,1259.0,1086.45,945.03,是,是,否,否,是,否,均線多頭、布林突破,,,
2501,國建,趨勢持續,投信連買,22.45,3.94,-1955,58,-1955,-3852,0,5,-5310,188,-5310,23.06,24.36,23.81,否,否,否,否,否,否,—,,,
2382,廣達,強勢噴出,投信連買,381.0,0.26,-4619,2533,-4619,-6705,0,5,-18247,10517,-18247,377.9,372.95,350.81,是,是,是,否,否,否,均線多頭、KD黃金交叉,,,
6213,聯茂,趨勢持續,投信連買,335.0,4.2,-3254,42,-3254,-6466,0,5,-6990,708,-6990,364.3,340.65,292.44,是,是,否,否,否,否,均線多頭,,,
1303,南亞,強勢噴出,投信連買,227.5,8.33,-24014,18605,-24014,-29423,0,5,-74546,50391,-74546,200.1,169.68,118.71,是,是,否,否,是,是,均線多頭、布林突破、爆量長紅,,,
1409,新纖,低位啟動,投信連買,25.9,1.97,-7618,10,-7618,-15226,0,5,-48674,259,-48674,26.78,27.54,22.35,否,是,否,否,否,否,—,,,
1102,亞泥,低位啟動,投信連買,34.8,1.75,-13229,81,-13229,-26377,0,5,-62177,1223,-62177,35.08,35.67,34.97,否,是,否,否,否,否,—,,,
3167,大量,強勢噴出,投信連買,892.0,2.53,-333,542,-333,-124,0,4,-999,707,-999,834.6,820.0,799.25,是,是,否,否,否,否,均線多頭,,,
4958,臻鼎-KY,強勢噴出,投信連買,618.0,1.81,-9539,443,-9539,-18635,0,4,13699,6609,13699,609.2,603.65,501.13,是,是,否,否,否,否,均線多頭,,,
5876,上海商銀,強勢噴出,投信連買,44.6,0.22,-138,2371,-138,2095,0,2,18993,4875,18993,,,,,,,,,,—,,,
4536,拓凱,趨勢持續,投信連買,171.0,1.48,-130,119,-130,-141,0,2,-68,120,-68,,,,,,,,,,—,,,
9910,豐泰,低位啟動,投信連買,66.8,0.15,-18,13,-18,-23,0,2,-868,228,-868,67.32,69.77,73.01,否,否,否,否,否,否,—,,,
2059,川湖,強勢噴出,投信連買,8500.0,6.32,-109,86,-109,-132,0,2,-292,237,-292,8184.0,7597.0,5838.83,是,是,是,否,否,否,均線多頭、KD黃金交叉,,,
2409,友達,趨勢持續,投信連買,28.3,2.72,-26911,5,-26911,-53817,0,2,25119,18,25119,29.22,29.44,23.77,否,是,否,否,否,否,—,,,
3665,貿聯-KY,強勢噴出,投信連買,1910.0,0.0,-201,330,-201,-72,0,1,-128,436,-128,,,,,,,,,,—,,,
2360,致茂,趨勢持續,投信連買,1905.0,4.67,-47,95,-47,1,0,1,2561,-1210,2561,1850.0,2110.0,2225.5,否,否,否,否,否,否,—,,,
2345,智邦,趨勢持續,投信連買,2340.0,2.63,-51,108,-51,6,0,1,-882,216,-882,2382.0,2480.25,2433.08,否,是,否,否,否,否,—,,,
8996,高力,趨勢持續,投信連買,1185.0,0.85,-170,34,-170,-306,0,1,40,-140,40,1230.0,1402.75,1223.23,否,是,否,否,否,否,—,,,
6415,矽力*-KY,趨勢持續,投信連買,504.0,2.13,-446,1,-446,-891,0,1,1642,-1202,1642,519.1,584.38,526.99,否,是,否,否,否,否,—,,,
2472,立隆電,強勢噴出,投信連買,341.0,6.23,-930,51,-930,-1809,0,1,2791,864,2791,346.4,382.77,304.63,否,否,否,否,否,否,—,,,
3026,禾伸堂,強勢噴出,投信連買,838.0,2.82,-2296,596,-2296,-3996,0,1,-460,3807,-460,903.2,867.7,581.11,是,是,否,否,否,否,均線多頭,,,
8926,台汽電,強勢噴出,投信連買,67.7,0.59,-2325,202,-2325,-4448,0,1,-8745,192,-8745,71.6,76.28,64.47,否,否,否,否,否,否,—,,,
2481,強茂,趨勢持續,投信連買,174.5,0.87,-3293,4,-3293,-6582,0,1,157,-3202,157,193.4,187.55,146.78,是,是,否,否,否,否,均線多頭,,,
2327,國巨*,強勢噴出,投信連買,798.0,2.57,-7987,260,-7987,-15714,0,1,-1585,-9610,-1585,836.6,990.1,696.89,否,否,否,否,否,否,—,,,
3481,群創,趨勢持續,投信連買,58.5,2.27,-33891,13,-33891,-67769,0,1,5350,-6616,5350,61.44,64.55,47.32,否,是,否,否,否,否,—,,,
